no,result,scramble,time,algs,edges,corners,flips,twists,solved_edges,solved_corners,edge_breaks,corner_breaks
27435,23.7,F' R2 F R2 L2 B' L' U' F2 R' F2 R' L2 D2 F2 R B2 R' Rw2,2021-02-15 11:48:25,11,13,7,0,0,0,0,2,0
27437,22.63,D R2 B R U' B2 U F2 D' R2 D2 L2 B2 U2 R D L2 F2 L2 B' D' Fw Uw2,2021-02-15 11:49:36,11,11,7,0,1,1,0,1,1
27439,23.9,F' B D2 R2 U L B2 R U F2 R2 U2 B2 R2 F' D2 B' R2 D2 B U2 Fw Uw,2021-02-15 11:51:22,11,11,9,0,0,0,0,0,2
27442,20.3,U' R' B2 L2 D2 R' U2 F2 R' B2 L B2 D2 F R' B' F2 D' R B F' Rw2 Uw2,2021-02-15 11:53:41,9,10,6,0,1,2,0,1,0
27443,23.37,D2 F2 U R2 D' B2 D' B2 R2 U F' R2 F R U2 B2 R2 D Rw2,2021-02-15 11:54:11,10,12,6,0,1,1,0,2,0
27444,19.88,L2 D F2 U' B2 F2 L2 D B2 U B D' U' R U' F L' D U' R Fw Uw,2021-02-15 11:54:47,10,12,8,0,0,1,0,2,1
27446,21.28,R' L' U2 D' F' L' F L' U2 R D2 B2 D2 B2 R U2 R' D' L2 Rw' Uw2,2021-02-15 11:56:25,9,10,8,0,0,2,1,1,2
27448,24.3,L U2 L B2 L' D2 F2 R F2 R' F2 R' D' R' B2 D F L B' F2 U Rw2 Uw,2021-02-15 11:57:31,11,12,8,1,0,0,0,2,1
27449,22.0,D2 B2 L2 D2 B2 F R2 D2 F R2 D2 F U L' B2 D' F D2 B2 F D' Rw Uw2,2021-02-15 11:59:01,10,12,4,0,2,0,1,1,0
27452,19.65,D' L' B' U R2 F R' U B U F2 U2 D2 F2 L2 U' D L2 Rw2,2021-02-15 12:00:56,10,11,7,0,0,1,1,1,1
27453,22.68,L' F2 D R2 B' L' U' L U2 R' D2 B2 R B2 D2 R' F2 U Rw' Uw,2021-02-15 12:01:55,10,10,6,0,2,2,0,1,1
27454,22.67,D B2 L2 U B2 D B2 R2 F2 L2 F2 L B U' R U L F D2 L' D' Rw' Uw,2021-02-15 12:02:30,12,12,8,1,1,0,0,2,2
27455,20.7,B' U2 R2 B2 D L2 U' L2 B2 D' B2 F L F R' F' U' R2 F',2021-02-15 12:03:03,10,11,7,0,0,0,2,0,2
27457,24.36,F' L U' R2 B2 R2 D2 B2 D2 U' F2 U R2 B D F R' B2 R D2 Rw' Uw,2021-02-15 12:05:11,12,14,8,0,1,0,0,3,2
28496,24.93,B2 D2 F L2 D2 F2 U2 B' U2 F' D2 B U R D2 F2 U' B F U F Fw' Uw',2021-01-02 15:18:54,11,11,9,0,0,1,0,1,2
28498,25.52,U2 F2 U2 B D2 R2 D2 L2 F2 D2 R U F' D B' R' B D2 U' B Rw Uw',2021-01-02 15:20:18,11,12,8,0,1,0,0,1,2
28500,20.32,F2 R2 U B2 U2 L2 D' F2 D' L2 F2 D' R U' R2 F2 D L2 B2 D2 F' Rw Uw',2021-01-02 15:23:16,10,10,6,1,1,1,0,1,0
28504,25.45,F B2 R B2 L F2 D2 L2 F2 R' D2 F2 D L U' B L' F' R F' Rw2,2021-01-02 16:44:38,11,12,6,0,2,0,0,1,1
28508,21.32,U' F' D U2 L2 D F2 U' F2 R2 U' F L B2 D' B' U' F2 L' Rw Uw,2021-01-02 16:47:34,11,14,6,1,0,0,1,4,0
28511,20.92,F R D2 R2 B U2 B L2 D2 F2 R2 D2 B F2 D' U' R' B L2 R Fw' Uw,2021-01-02 16:49:43,11,12,8,1,0,0,0,2,1
28512,20.3,U' R2 D2 B2 U' F2 U F2 L2 U F2 U2 F' D2 R' D L2 D' L D Rw2 Uw',2021-01-02 16:50:14,11,11,9,0,0,1,0,1,2
28516,19.75,B2 D2 R' F2 R2 U2 R U2 L F2 R2 F' R' U' B U2 L R2 D U2 R2 Rw2,2021-01-02 17:01:05,11,11,5,0,2,1,1,1,1
28517,20.71,L' U2 D' R' D2 L' U R' B U2 D2 R2 U2 F2 B L2 D2 F R2 D' Fw,2021-01-02 17:01:39,10,11,7,0,0,0,0,0,0
28518,18.45,F' R' L2 D' U2 L2 B2 R2 B2 D B2 R2 F2 U2 R' U L' U' R2 F U2 Rw',2021-01-02 17:02:12,10,12,8,0,0,1,0,2,1
28519,20.84,B2 R D' U2 L2 F' R2 F2 R2 F U2 F U2 F' L' B2 L B2 R U' B' Rw Uw,2021-01-02 17:02:52,12,13,5,0,2,0,0,2,0
28520,22.26,B' U R' L' F2 D F' R' F2 L2 U2 B2 U2 F R2 B' R2 L2 U2 B' Rw Uw2,2021-01-02 17:03:35,11,9,7,1,1,2,0,1,1
28521,23.79,F U' F2 D' L2 F2 U B2 L2 R2 U2 F2 R' D B2 L R D B2 D2 F Rw Uw,2021-01-02 17:04:12,9,10,6,0,1,1,1,0,1
28522,21.16,R2 L F2 B' U B' D L F L' D2 F2 L U2 R B2 R' D2 L2 U2 D2 Fw,2021-01-02 17:05:02,11,12,6,1,1,0,0,2,0
28524,22.57,B' R2 U2 B R2 F' D2 F2 L2 F R2 D L R D' L U2 L' D2 U' B2 Fw' Uw,2021-01-02 17:06:34,9,11,7,0,0,1,1,1,1
28526,20.99,D L2 B U B2 D2 B2 U2 R2 U2 F2 R2 U' B' L' U2 R' B D' L Rw' Uw,2021-01-02 17:08:04,9,12,4,0,1,0,2,1,0
28527,22.5,U B2 F2 D' B2 U' B2 U F2 U R2 L U2 B D F U R2 D R Uw,2021-01-02 17:08:35,12,11,9,1,0,0,0,1,2
28529,23.7,R L' F' U' R' B' R2 U' B L2 F2 B2 U2 B2 D' L2 F2 D2 B2 Fw Uw',2021-01-02 17:10:07,12,11,7,1,1,0,0,1,1
28533,22.89,U F2 L B2 D2 R' B2 L U2 R U2 F2 L' B R2 D2 U R U2 B' L' Rw',2021-01-02 17:13:16,10,10,8,1,0,0,0,0,1
28535,21.12,L' D2 F' R F2 L F' L2 U R2 F D2 B' U2 B' R2 F' L2 B' U2 B2 Fw,2021-01-02 17:14:30,10,12,8,0,0,1,0,2,1
28537,20.44,D' L' F2 U' B2 D' B2 L2 D2 L2 D B' R2 D' U F D2 F2 L' Rw' Uw2,2021-01-02 17:15:40,10,11,5,0,1,0,1,0,0
28539,18.85,F2 R2 U' L2 U2 B2 F2 D' R2 D' B2 U2 R' U' R F L U' R' B U Fw' Uw2,2021-01-02 17:16:57,11,11,5,0,2,1,1,1,1
28542,24.19,L2 R D2 L' B2 L B2 F2 R' F2 D2 U L' D U F R2 B U' L B Fw,2021-01-02 17:20:10,12,12,8,1,1,0,0,2,2
28543,21.63,U' R2 B2 F2 U' L2 D' L2 D R2 B' U2 L' D L' B D U F R' Fw' Uw2,2021-01-02 17:20:46,9,10,6,0,1,1,0,0,0
28547,20.93,R F2 U2 F' D2 R2 B' R2 F' D2 F' U2 B D' L' R2 U' B F2 D2 L Rw Uw',2021-01-02 17:23:54,10,11,7,0,0,1,1,1,1
28551,21.74,D R' U2 F2 U2 B2 F2 L D2 L F2 L' B L F' D' B L' U2 L' Fw' Uw,2021-01-02 17:28:13,10,12,8,0,0,0,0,1,1
28552,25.04,F2 D R2 U' R2 U2 L2 U F2 U2 R2 B' L' R2 B' L' D' F2 R2 F2 Rw Uw',2021-01-02 17:28:47,11,10,8,2,0,1,1,2,2
28553,20.12,F2 L2 F2 U2 R2 F2 D B2 D2 L2 R B L R' U' R U' R2 B U' Uw2,2021-01-02 17:29:23,10,10,4,1,2,1,1,1,0
28554,21.46,L' F R' D' B D' B R' D2 F2 B2 U F2 U L2 U' F2 R2 F2 Rw',2021-01-02 17:29:54,10,12,6,0,1,0,1,1,1
28562,24.25,D2 B2 L2 F B' R B2 U L2 U2 F' L2 D2 R2 F2 D2 F U2 B2 D Rw',2021-01-02 17:37:42,11,12,8,1,0,0,0,2,1
28563,20.69,B D R2 U2 L D2 R' F2 D2 R B R2 B2 D' L' R D' F' Fw',2021-01-02 17:39:13,9,12,4,0,1,2,2,3,0
28564,17.76,B U F' U2 B R' U F' D U2 F' L2 D2 R2 F U2 R2 B' D2 F2 Rw2 Uw,2021-01-02 17:40:52,9,10,6,0,1,1,0,0,0
28566,18.08,B' D2 F L2 D2 L2 F' D2 F R2 D L B F2 R2 B' F' D' B2 Rw2 Uw',2021-01-02 17:42:11,10,9,7,1,0,1,0,0,0
28568,18.52,L' R2 F2 L D2 L' R D' B F' U B F2 U' B' L R Rw2 Uw,2021-01-02 17:44:16,9,10,6,0,1,2,0,1,0
28570,21.62,F D' L2 D' B2 D B2 L2 R2 D' L2 U F2 R' D L D B' F2 D F2 Rw',2021-01-02 17:45:48,11,13,7,0,0,0,0,2,0
28571,22.29,R B2 U2 B2 D' L2 F2 D' R2 U2 B2 U' F R B D2 R F' L Fw' Uw',2021-01-02 17:47:46,10,12,6,0,1,0,1,1,1
28575,22.56,L F' R2 F R2 U2 F2 U2 F R2 F2 D2 L B' D' U' F L' U2 F2 R' Fw' Uw,2021-01-02 17:51:28,11,11,7,1,0,0,0,1,0
28578,21.79,F2 U2 L' D2 R F2 R F2 D2 B2 R' D' B2 U' L2 R F' D2 B2 F' Fw Uw2,2021-01-02 17:54:27,10,12,6,0,1,0,1,1,1
28581,23.67,B2 U' L2 F2 R2 F' D2 F2 U2 R2 F' U2 F U B2 U' F' U' L' B' D2 Rw' Uw2,2021-01-02 17:59:32,11,11,9,0,0,0,1,0,3
28586,24.57,R F R2 B L' F D' R' D F2 U2 F L2 D2 F' R2 U2 D2 F D2 Rw Uw,2021-01-02 18:06:13,11,13,7,0,0,0,0,2,0
28587,16.86,F2 R2 B' R U F R2 D U2 R2 F' L2 F L2 F' L2 U2 L2 B' L Rw Uw,2021-01-02 18:06:51,9,10,8,0,0,1,0,0,1
28588,24.91,U F R F D' F D2 F' L2 U L2 U D2 F2 U L2 B2 R2 B2 U Rw2 Uw2,2021-01-02 18:07:24,10,11,7,0,0,1,1,1,1
28589,27.04,L D L2 U2 R U2 F2 R2 F2 L B2 L B2 F' L2 U L2 B L F' R' Fw Uw',2021-01-02 18:08:00,11,11,9,0,0,0,0,0,2
28590,22.65,U2 F' L U2 F2 R2 U B' L' U2 R2 F B2 U2 F D2 B' U2 F2 Fw' Uw,2021-01-02 18:08:56,10,12,6,0,1,0,1,1,1
28591,24.41,L' F' R2 D B2 D' R2 D2 R2 U F2 D R2 U B L2 D' L D' U' B2 Rw2 Uw,2021-01-02 18:09:35,11,11,5,0,2,1,0,1,0
28594,21.59,L B2 U2 F' U R D' U2 F' R2 B' U2 L2 B' D2 B2 D2 B' R D2 Fw Uw2,2021-01-02 18:13:20,12,9,7,2,1,0,0,0,1
28596,22.49,R' B2 R2 D L2 D' L2 U R2 F2 R2 B2 R' F2 U' B U F D' R B' Rw' Uw',2021-01-02 18:14:57,10,12,8,0,0,0,0,1,1
28597,20.6,R2 D' R2 D2 B D2 F' D2 R2 F R2 U2 F U' R' D' R U2 L2 F Rw' Uw,2021-01-02 18:15:33,11,10,6,2,1,0,0,1,0
28599,22.56,D L2 R2 D2 B2 L2 U F2 U' B2 R2 U2 L U F2 D2 R2 U' B D2 F Rw Uw',2021-01-02 18:18:43,10,10,10,0,0,2,0,1,3
28601,24.68,D2 B2 F' R2 F' D2 B' L2 F' U2 L2 U' L' D R2 B' L R' D L F' Fw,2021-01-02 18:20:45,11,12,8,1,1,0,0,2,2
28602,26.84,R' B' R B2 F2 R2 U2 F2 D R2 F2 D R2 D F R2 D R B' L2 U',2021-01-02 18:21:21,11,11,7,1,0,0,0,1,0
28603,22.08,B' D R F' D' B U' F2 R U2 D2 R2 F' U2 L2 B R2 U2 B2 U2 Rw Uw,2021-01-03 16:37:46,9,10,8,1,0,0,0,0,1
28604,21.83,F R2 B2 D2 B2 F' U2 B R2 F' D2 F' D R' B U2 F2 R2 F R' Rw Uw,2021-01-03 16:38:23,9,10,6,0,1,1,0,0,0
28606,22.67,L2 B2 U2 R2 B2 D' F2 R2 D L2 B D' B2 R F' D' B' L F' Rw Uw',2021-01-03 16:40:40,10,12,8,0,0,0,0,1,1
28608,21.82,D2 F B2 R B L2 D B U2 D2 B' D2 F' L2 B U2 B2 U2 R' D Rw Uw2,2021-01-03 16:42:17,10,11,7,0,0,1,0,1,0
28614,22.47,L B2 R D' R B R U' L2 D2 L2 F2 R2 D' L2 D F2 B2 L' F Rw' Uw2,2021-01-03 16:47:56,11,10,8,1,1,1,0,1,2
28615,20.16,L2 U' B2 D2 L2 R2 U' F2 U' L2 U L2 F' R' D' R' U2 R D2 B' U',2021-01-03 16:48:32,10,11,7,0,0,1,0,1,0
28617,25.29,F2 D F2 D2 B2 L2 U' L2 F2 R2 B L U F D2 L2 R D L' F2 Fw Uw',2021-01-03 16:49:56,11,11,5,1,1,0,1,1,0
28618,26.18,D2 L F2 L' B2 L' D2 L B2 L2 F2 D2 F D2 L' U B R2 F U F' Uw,2021-01-03 16:50:37,10,12,8,0,0,0,1,1,2
28619,24.12,R' U2 L2 U2 R2 F D2 U2 B D2 B2 U' R U' B F' L' D F Fw' Uw',2021-01-03 16:51:13,11,13,7,0,0,0,1,2,1
28624,22.66,D2 B F2 D2 F D2 L2 B' L2 R2 F' U B' L U2 B R D' U' B2 Rw' Uw',2021-01-03 16:55:28,11,11,7,1,0,0,1,1,1
28627,20.1,U F' R F2 L' B2 R' D2 B2 R F2 U2 B D' B2 U F2 L' R Uw,2021-01-03 16:57:23,10,10,8,1,0,1,0,1,1
28628,19.42,D2 B2 L2 D' L2 B2 U' B2 D' U2 F2 U R' F D U2 B L' F2 L F2 Rw2 Uw2,2021-01-03 16:57:54,10,12,6,0,1,0,0,1,0
28633,25.07,B' U' R L U L B' R U2 R' D2 B2 U2 L B2 R U2 R' L' U B' Uw2,2021-01-03 17:03:18,11,11,9,0,0,0,0,0,2
28640,24.27,F2 R2 U2 L D2 B2 R2 F2 L' D2 R2 F2 U B' D2 B' L B2 D2 R F' Rw Uw,2021-01-03 17:08:46,11,10,6,1,2,1,0,1,1
28641,21.56,R2 U2 L2 B2 R2 D' L2 U L2 R F D L' U2 F D2 R' D Rw2,2021-01-03 17:09:19,11,13,7,0,0,0,0,2,0
28642,25.66,U2 R' F2 L' B2 L2 F2 U2 L' U2 B2 D' F' U B' D' F' D U' R' D Rw2 Uw2,2021-01-03 17:09:53,11,9,7,1,1,2,0,1,1
28643,19.94,F2 U' D2 F' U' B2 R' D' B R F2 L2 U2 L' F2 U2 F2 L' D2 F2,2021-01-03 17:10:47,9,9,7,1,0,1,1,0,1
28645,20.31,R' U2 F2 U' F U' R2 U' L' U2 F2 R' B2 R F2 B2 R U2 D2 R,2021-01-03 17:12:04,10,12,8,0,0,0,0,1,1
28648,26.04,B' D2 B' R2 B2 L2 U2 B D2 U2 L2 D F2 U L' F' R B' D' U' Rw',2021-01-03 17:14:15,10,12,8,0,0,0,0,1,1
28653,27.02,U2 L U' F2 U' B L D R' U2 R2 F' R2 L2 B D2 F2 L2 F L2 U2 Fw Uw2,2021-01-04 22:46:26,11,11,9,0,0,1,0,1,2
28654,26.5,L2 U2 B2 U' R2 F2 R2 B2 U' R2 F' D2 U' F2 R' B' L R U Rw Uw,2021-01-04 22:47:04,12,11,5,1,2,0,0,1,0
28656,25.45,F R U2 R2 U' L' B L2 D2 F' B' D2 B U2 R2 U2 R2 L' U Rw Uw,2021-01-04 22:48:28,10,12,8,0,0,1,0,2,1
28658,23.17,F' R2 B R' B2 R' B' D2 L2 U R2 B2 R2 L2 U D2 F' L2 Fw' Uw',2021-01-04 22:49:56,11,14,8,0,0,0,0,3,1
28660,23.33,F R2 B' L2 F' L2 F D2 U2 F L2 F' L R B' U2 R' D' U2 R' F2 Fw,2021-01-05 14:56:48,10,11,7,0,0,0,0,0,0
28667,23.2,F2 U' R' L' F R D2 F' U L2 F2 R2 L2 U2 B2 D F2 U2 L2 D' Rw2,2021-01-05 15:04:28,12,13,7,0,1,0,0,2,1
28668,20.09,L2 D2 L B2 R' U2 B2 U2 F2 U2 L2 R' U' B' L R' U2 B' D U' R' Rw,2021-01-05 15:05:02,10,12,8,0,0,0,0,1,1
28669,25.5,F R' B L D B' R U L2 F2 L2 F D2 B L2 F D2 B U2 Rw Uw2,2021-01-05 15:05:32,12,13,5,0,2,0,0,2,0
28670,21.79,R2 U2 R2 B' D2 B2 D2 R2 F' L2 F' U L U L2 D F' R U2 B L Rw' Uw2,2021-01-05 15:06:59,9,10,6,1,0,0,1,0,0
28673,22.1,D' L2 R2 F2 U' F2 D' B2 D B' D R2 F2 L2 D2 F R D F2 Rw2 Uw2,2021-01-05 15:08:50,12,13,7,0,1,0,0,2,1
28674,26.34,L R2 B2 F R2 F L2 D2 B L2 B R U' B2 R B L' F2 L2 Rw,2021-01-05 15:09:23,12,13,7,1,0,0,1,3,1
28676,22.58,U B' R' D' L' D' B F2 U2 R B2 D2 R2 U2 R D2 F2 L' D' R Rw',2021-01-05 15:13:31,11,11,7,0,1,0,0,0,1
28677,21.09,U R B' D F' D F' U R2 B2 R' U2 F2 R D2 L' D2 R' F' Fw Uw2,2021-01-05 15:14:29,10,10,8,1,0,1,0,1,1
28678,21.73,B' L F' D B2 F2 U' R2 D' R2 D2 R2 U' L F' L' D2 F' Fw Uw',2021-01-05 15:15:16,10,9,7,0,1,2,0,0,1
28679,21.77,B2 U2 F' L2 U2 B' R2 F L2 B' U2 F2 U' F' R B2 F L R2 B Rw' Uw,2021-01-05 15:15:51,10,12,6,0,1,1,0,2,0
28682,19.14,B' L' B D2 F2 R B' R U' L2 U2 F2 D L2 F2 R2 F2 D2 R2 U R Fw',2021-01-05 15:18:29,10,11,7,0,0,1,1,1,1
28683,20.56,L U2 F' R2 F2 U B R2 L' F2 R D2 R' B2 D2 R' U2 R' D B Uw',2021-01-05 15:19:23,10,10,8,1,0,1,0,1,1
28685,23.05,R2 F L2 B2 D2 L2 U2 F2 D2 F' U2 D R F L' F2 L2 F D U2 Rw Uw,2021-01-05 15:21:10,11,14,6,0,1,0,0,3,0
28687,21.86,R D2 B2 R F2 L2 B2 F2 L F2 R2 D2 B L2 D' L2 D L' U L2 Rw',2021-01-05 15:22:39,12,13,9,0,0,0,0,2,2
28688,21.09,R2 D' B2 D F2 R2 U' F2 R2 D' F2 D R D F R U2 L B R2 F' Rw' Uw',2021-01-05 15:23:20,11,12,8,1,0,0,0,2,1
28691,18.6,U2 B2 L2 D' B2 U L2 U' B2 R2 B L2 U2 R' B2 L2 B2 F R' Rw2 Uw,2021-01-05 15:25:43,9,8,8,1,0,2,0,0,1
28693,20.26,U L B' R D2 F R L U F2 U' R2 B2 U' B2 U D2 B2 R2 U2 B Fw,2021-01-05 15:27:53,11,13,7,0,0,1,0,3,0
28695,22.73,F2 R F' U B2 F2 D' B2 L2 R2 U' R2 F2 U2 B' L B' U R U2 B' Fw,2021-01-05 15:40:08,11,12,8,1,0,0,1,2,2
28697,24.75,L D L' D2 L D2 U2 L F2 D2 R2 F2 L U' F' U F2 D' R U' Rw',2021-01-05 15:41:44,11,11,5,0,2,0,1,0,1
28698,21.25,D2 L2 D2 B2 L F2 U2 L' F2 L U2 F2 D R2 F' R2 B D' U' R U2 Rw Uw,2021-01-05 15:42:39,11,11,9,0,0,1,0,1,2
28701,24.07,F R2 D U2 R2 B2 U L2 B2 U R2 B2 F R2 D L2 U' R U F Rw Uw2,2021-01-05 15:44:37,13,13,7,1,1,0,0,3,1
28704,23.79,F D' B2 U R2 U2 L2 B2 U R2 B2 R2 L F2 U2 B U F2 R U Fw,2021-01-05 15:46:34,11,14,8,0,0,0,0,3,1
28705,21.97,L2 U' B2 U' L2 U2 F2 R2 B2 U' B2 L2 F' R' B U' F L R F U Rw Uw',2021-01-05 15:47:08,10,10,4,1,2,0,1,0,0
28707,18.37,L2 F2 U2 B D2 F U2 L2 R2 F2 D2 B' U' L' B' U' F R U F2 R2,2021-01-05 15:48:40,9,12,6,0,0,0,1,1,0
28709,21.93,L2 D B2 R2 L2 B U2 F' R B2 R2 U2 L2 D2 F2 U B2 U' R2 Fw' Uw',2021-01-05 15:50:00,11,10,8,2,0,1,1,2,2
28711,21.02,D2 R B2 F2 R2 U2 F2 L' B2 D2 B2 R D F2 L' U F R2 D' U Fw' Uw,2021-01-05 15:51:23,11,11,9,0,0,2,0,2,2
28712,22.33,B2 U2 L D2 F2 R' F2 R' B2 R U2 F' U' B' L' R2 B U2 R' U' Rw Uw',2021-01-05 15:51:57,10,11,7,0,0,0,0,0,0
28714,22.98,R' B L' F2 D2 L2 F2 U2 L' U2 L' D2 U2 R2 B' L B2 F' D R D2 Fw',2021-01-05 15:53:40,11,11,5,0,2,0,0,0,0
28715,23.39,D' F' R2 D' L2 R2 B2 D L2 R2 D2 L2 U F D R D' L2 U2 B2 Uw',2021-01-05 15:54:47,11,12,8,0,1,0,0,1,2
28716,21.44,L U' R D2 R2 D F2 R2 B' R2 B L2 B2 R2 D2 B D' L Fw Uw2,2021-01-05 15:55:55,10,12,6,0,1,1,0,2,0
28717,21.09,L' F2 R2 U2 L2 F' D2 U2 R2 F' L2 U2 D B U2 F R' D2 L' Uw',2021-01-05 15:58:39,12,13,5,0,2,0,0,2,0
28719,24.63,R' F' D' R L U B2 D2 F' R2 D2 R L2 D2 B2 R F2 L D2 F2 Rw' Uw',2021-01-05 16:00:07,11,10,8,2,0,0,0,1,1
28720,22.34,L F2 L F2 U2 L2 R' F2 U2 R2 D2 R F' D R B2 L2 F R' F2 R2 Rw' Uw',2021-01-05 16:00:45,11,11,7,0,1,1,0,1,1
28721,27.73,B2 F2 L B2 L' U2 L' B2 R D2 F2 R2 D F D2 B D R' B2 U Fw' Uw,2021-01-05 16:01:29,11,12,6,0,2,1,0,2,1
28722,22.91,F' L2 R2 B R2 F2 U2 F' D2 L F2 D' F D2 L R D L Rw2 Uw2,2021-01-05 16:02:09,11,12,8,0,1,0,0,1,2
28723,22.47,F B' U' R F2 B2 R' F2 U B2 U2 R2 U2 L2 B2 U B2 D2 B' D Fw' Uw2,2021-01-05 16:02:42,11,12,6,0,2,0,0,1,1
28724,22.96,L' F' L2 F' R2 B L2 D2 F U2 F' L2 R2 D' R F' R2 B' D' U2 L' Fw Uw,2021-01-05 16:03:16,12,12,6,0,3,1,0,2,2
28725,22.04,L F' L' U2 L2 R' B2 U2 R B2 R' D2 R' U2 D R2 B' D2 L B' L Fw Uw2,2021-01-05 16:03:50,11,11,7,0,1,0,0,0,1
28728,21.89,D2 F R' L' D' R' U B2 D2 R2 L D2 L D2 F2 L B2 U2 L' B Rw2 Uw,2021-01-05 16:06:23,10,12,8,0,0,0,0,1,1
28732,23.2,R' U' D' F' D' F L' B' D' F2 U2 B' L2 D2 R2 D2 B' R2 L2 Rw,2021-01-05 16:08:44,11,14,8,0,0,0,0,3,1
28733,26.5,D F' U L2 U2 F R2 F' L2 U2 B L2 F2 U2 R' F' D' L U B D2 Uw',2021-01-05 16:09:50,13,11,5,1,3,0,0,1,1
28735,21.0,R' F D B2 F2 U' B2 U2 B2 L2 D U F2 L' B L R D R' F' L' Rw Uw',2021-01-05 16:11:28,10,12,6,0,1,1,0,2,0
28738,21.26,R' B U2 F2 R B2 L2 F2 L F2 D2 L' D2 R2 B' D2 L D B' L2 F2 Rw2 Uw',2021-01-05 16:17:03,10,12,6,1,0,1,1,3,0
28739,24.75,D R2 B2 L2 F2 R2 D2 U R2 U' B2 U' R' B U2 L D F R2 B2 Uw2,2021-01-05 16:39:33,12,13,7,0,1,0,0,2,1
28741,22.12,F L' D2 R2 B2 L D2 F2 R U2 L2 F' D R B U B D' R2 Uw',2021-01-05 16:42:00,10,12,8,0,0,0,0,1,1
28743,24.49,B2 D2 R2 D F2 U' F2 R2 U' B2 U L' R F' U2 R' F2 R2 D U' F Rw' Uw2,2021-01-05 16:44:17,11,12,6,0,2,0,0,1,1
28744,21.19,D2 U L' B2 D2 B2 R B2 L' R U' F R B' R2 U B D2 R' Rw2 Uw',2021-01-05 16:45:02,11,11,7,1,0,0,0,1,0
28746,17.62,R D' F2 D2 R2 L B' U L' U2 R2 L2 U' R2 U' F2 D' B2 Fw' Uw2,2021-01-05 16:47:23,8,10,6,0,0,1,1,0,0
28747,19.35,F' L' B2 D2 L F2 U2 R2 D2 F2 R' F2 R' F' D' F2 L' R' U' B2 Rw' Uw,2021-01-05 16:47:51,10,12,8,0,0,0,0,1,1
28749,23.87,B2 U2 B' D2 L2 D2 B L2 F2 U2 F' U' L' B' U2 L' B R F Fw' Uw2,2021-01-05 16:50:35,11,11,5,0,2,0,0,0,0
28750,23.98,U' B2 R2 U2 L2 F2 D2 R2 F2 U2 L' D R' F2 L' B' U' F' R' B U Fw' Uw',2021-01-05 16:51:13,11,13,7,0,0,0,0,2,0
28751,18.68,B2 U' R U' L B L F R2 U2 F2 R2 B' R2 B' U2 D2 F L2 D F' Fw Uw,2021-01-05 16:51:49,9,10,6,0,1,3,0,2,0
28752,23.42,L2 U2 R F2 U' F2 U2 L2 F2 D' L2 U L2 R2 B' L D B2 R' D U Fw' Uw2,2021-01-05 16:54:01,11,11,7,0,1,1,0,1,1
28755,22.07,B' U2 L2 F L2 B' D2 U2 B' R2 F2 D' L' U B R2 B' F U F2 Uw',2021-01-05 16:56:06,10,12,6,0,1,1,0,2,0
28761,20.78,L U' R2 B2 F D2 F' L2 B2 F' U2 D L2 R2 U B2 L B Rw' Uw2,2021-01-05 17:00:41,9,10,6,0,1,1,0,0,0
28765,24.48,F2 R2 F2 R' U R2 U2 R2 F' R B2 L F2 D2 L' D2 R' F2 B2 R2 Fw Uw2,2021-01-05 17:03:24,10,12,8,0,0,0,0,1,1
28769,24.96,B D' L2 D2 L' B2 F2 D2 R' U2 F2 L B2 R2 U' B' D L D' R U Rw2 Uw,2021-01-05 17:06:36,11,9,9,1,0,1,0,0,2
28771,26.94,B2 F2 U F2 D2 U B2 U L2 U' F D2 R D2 R2 F2 U F U Fw',2021-01-05 17:08:45,12,10,6,3,1,0,0,2,0
28773,21.5,B' D2 R2 U' B2 F2 U' L2 U L2 D2 F' L2 R B F2 D R2 U2 Uw,2021-01-05 17:10:10,11,11,9,0,0,2,0,2,2
28774,20.41,L' D L2 F R' F' R2 B D2 L' U B2 U2 R2 D2 L2 D' F2 L2 D' F2 Rw Uw,2021-01-05 17:10:42,11,12,8,0,1,0,0,1,2
28776,21.62,D2 B' L B' U F' L' F D2 F2 U2 R2 D L2 U' L2 D F2 L2 D2 B Rw' Uw2,2021-01-06 15:29:37,9,10,6,1,0,0,1,0,0
28777,23.72,L R2 U' B2 D B2 L2 D' U2 R' F2 U B' F U' L R2 F Rw2 Uw2,2021-01-06 15:30:10,10,7,7,3,0,1,0,0,0
28779,24.7,R' D2 F D2 F2 D2 L2 B2 D' L2 U' R2 F2 L' R' U B' R2 D2 L Uw2,2021-01-06 15:33:58,11,11,7,1,0,0,0,1,0
28780,20.45,L2 D' L2 U2 L2 B2 D' B2 U2 L2 U' B D' R2 D R U' F L2 U Rw Uw',2021-01-06 15:34:45,11,10,8,2,0,0,0,1,1
28782,24.74,D L' B R' F2 D' L' D U2 F2 L2 F' U2 F' R2 L2 F2 U2 B' D Fw Uw2,2021-01-06 15:36:30,12,10,4,2,3,0,0,1,0
28783,21.87,D' L D L2 B2 D' B R' F2 U D B2 D F2 D' B2 U' L2 B2 R2 F' Rw Uw2,2021-01-06 15:37:30,12,13,9,0,0,0,0,2,2
28786,24.4,R F2 R D' R D' F L2 U2 B2 D' L2 U D2 R2 B D' Rw Uw2,2021-01-06 15:39:38,12,11,3,1,3,0,1,1,0
28788,20.72,U' L2 F R B D' B2 U L' F R2 D2 F2 R2 B R2 B2 D2 B2 D2 L' Fw,2021-01-06 15:41:10,12,11,7,2,0,0,0,2,0
28789,24.54,U' R2 L D2 R B' L2 F2 U' R2 D2 F2 R U2 B2 L B2 L' U2 R Rw2 Uw,2021-01-06 15:41:42,10,10,8,1,0,1,0,1,1
28790,21.49,U' D2 R2 U2 L' D2 F2 U2 F2 L B2 L' D U2 B D L D2 R Uw2,2021-01-06 15:42:17,9,11,5,0,0,2,2,2,0
28791,23.29,F B2 D2 U2 L' U2 B2 R' D2 R2 D2 F' D B' R' B' F' R B' Rw Uw,2021-01-06 15:42:58,11,9,9,2,0,1,0,1,2
28796,20.23,B L' B2 R2 F U2 R2 B' L2 B' U2 B' R' U' L' B U Rw Uw',2021-01-06 15:47:26,11,11,5,1,1,1,1,2,0
28797,22.25,D' R F2 R2 U' F2 L B' F2 D2 R2 D2 R' B2 U2 L' D2 B2 L U2 Rw2 Uw,2021-01-06 15:48:16,12,11,7,1,1,0,0,1,1
28801,20.51,R2 D' L B2 R2 F2 L B2 L F2 U2 F2 R D2 B D' U R' U R' D2 Fw Uw2,2021-01-06 15:51:09,8,10,6,0,0,1,2,0,1
28802,23.66,B2 F2 R2 D2 L D2 F2 R B2 L R' D' F' R' U2 R' U F R' B' Fw Uw,2021-01-06 15:51:40,10,12,6,0,1,0,1,1,1
28803,25.01,R D2 R U2 F2 U2 B2 F2 R D2 L' B' D R D R2 U2 L D B U' Rw Uw',2021-01-06 15:53:06,11,12,6,1,1,0,1,2,1
28804,20.88,R' B L' F' R2 B2 D' L' D R2 D2 L2 U L2 B2 D R2 D2 F2 B' Rw2,2021-01-06 15:53:41,10,12,4,0,2,0,1,1,0
28807,22.58,F' D' F2 D B2 F2 L2 F2 D' L2 U' B2 F' U F L D2 U' B2 L B Rw' Uw,2021-01-06 15:55:57,11,12,8,0,1,0,0,1,2
28810,22.99,D' F2 R2 F' D2 L D F R2 B' U2 R2 B L2 B' D2 F R2 L' D' Rw Uw,2021-01-06 15:57:55,10,11,7,0,0,0,0,0,0
28815,19.66,R D F' U2 B F L2 B D2 B U2 R2 F' R2 D U F D' L' B' R Uw,2021-01-06 16:01:55,10,10,2,1,3,1,2,1,0
28817,19.93,U B' F2 L2 U2 L B2 R' D2 R2 U2 L U2 L' D' F' L2 U2 R U F Uw,2021-01-06 16:02:59,9,12,6,0,0,1,1,2,0
28819,21.82,R D' R2 F2 U2 B2 R2 B2 U' F2 U2 L' R U' F' R B2 L B U' F' Uw',2021-01-06 16:04:33,10,11,7,0,0,0,1,0,1
28820,17.11,L B2 D U L2 D B2 D L2 U L2 U2 B R' D' U2 L' R D2 B L Rw2 Uw',2021-01-06 16:05:11,8,12,4,0,0,1,3,2,0
28821,20.93,D2 L D' B2 D' F2 U' B2 D2 U' L2 U' B' L B F2 R2 D B' F' Rw Uw2,2021-01-06 16:05:40,11,11,5,1,1,0,1,1,0
28822,19.73,F2 R U D F D' R B2 D2 L2 B D2 L2 F2 L2 F' U2 L2 D2 L U Rw',2021-01-06 16:06:16,11,9,9,1,0,1,0,0,2
28825,24.49,R' B2 D2 R2 F2 R' B2 R B2 D2 F' D B' D B2 L U' F' Uw,2021-01-06 16:08:58,11,11,9,0,0,0,0,0,2
28827,22.12,U2 F U2 F' D2 B' R2 F' D2 B' L' R B' D L B U' F' U B' Uw',2021-01-06 21:09:53,11,14,8,0,0,0,0,3,1
28830,20.64,B2 D2 B L2 U F' R' L2 U' D' R2 D L2 F2 R2 D2 F2 L U' Rw2 Uw,2021-01-06 21:12:42,9,10,6,0,1,1,1,0,1
28832,23.94,D' F2 L2 F' R D' L F' L R2 U R2 U' F2 U' F2 U' B2 U B2 D' Uw,2021-01-06 21:14:12,11,12,8,0,1,0,0,1,2
28838,19.15,U' F' U F B L F' R2 D2 L2 U R2 D' R2 L2 U' F2 D R' U' Rw2 Uw',2021-01-06 21:19:33,9,10,8,0,0,1,0,0,1
28839,20.67,F' R2 F2 L2 F D2 R2 D2 B2 D2 F' R2 L' B F2 R D2 L D' F2 R2 Rw2 Uw',2021-01-06 21:20:08,10,11,5,0,1,0,1,0,0
28840,27.98,U' B' L2 F R' U' R' D' B U2 F' D2 R2 B' R2 U2 F2 U2 R2 B2 D' Fw Uw',2021-01-06 21:20:41,12,11,7,1,1,0,0,1,1
28841,19.24,B' R' D2 U2 B D2 F L2 B' D2 U2 B2 U2 F2 L' B U R' U L B Rw2,2021-01-06 21:21:36,9,10,6,0,1,1,1,0,1
28844,23.86,U' F' B2 D R2 B2 U2 F2 U' B2 U' B2 U B R' U' F' L F L R2 Rw2 Uw2,2021-01-06 21:23:24,12,11,9,1,0,0,0,1,2
28847,20.57,B' L2 D2 R' U2 L' D2 U2 R D2 B2 R2 F2 U' F2 D F R' U' F2,2021-01-06 21:26:23,10,11,7,0,0,1,1,1,1
28854,23.46,R' D2 U2 L' U2 R2 D2 F2 U2 R2 B2 D' L F2 L' U F U2 F' L' Fw,2021-01-06 21:31:09,11,12,6,1,1,0,0,2,0
28855,20.44,L2 U F2 L2 D' F2 D' B2 U' L2 U F2 L U R' B' L' F' L' D U' Rw2,2021-01-06 21:31:44,10,12,4,0,2,0,2,1,1
28856,21.6,R B D R' L2 D' F' U R2 D2 L2 D L2 B2 R2 L2 D' R' Rw,2021-01-06 21:32:27,11,11,9,0,0,0,0,0,2
28857,23.97,L' F2 R2 F2 L2 D2 R U2 F2 D2 L' F' D F' U' L2 U2 L Rw2 Uw,2021-01-06 21:33:01,11,11,7,0,1,0,0,0,1
28858,22.4,D' R2 D2 L D2 F' U F2 D2 F2 L2 F' R2 D2 B D2 L2 D2 F U Rw',2021-01-06 21:33:40,10,9,7,1,0,1,2,0,2
28860,19.05,F2 L2 F2 D2 B2 L B2 L2 B2 D2 R2 F' U L B R' F2 U2 F' D,2021-01-06 21:34:52,10,12,8,0,0,0,0,1,1
28863,24.29,R2 F' L2 R2 U2 F2 R2 B' R2 D' R2 B2 L' D2 U2 B' U Rw Uw',2021-01-06 21:36:44,10,12,6,1,1,0,1,2,1
28864,19.64,D2 B' F2 R' F2 L2 D2 F2 R U2 L' U2 R' D B U' B2 U' L F D2 Rw2 Uw,2021-01-06 21:39:43,10,12,8,0,0,0,0,1,1
28866,23.64,R2 D L2 D' L2 D L2 B2 D2 L B L2 F' U R2 F' U' F2 Uw2,2021-01-06 21:40:52,12,13,5,1,1,0,1,3,0
28868,21.65,L2 R B2 D2 B R2 F' R2 B2 L2 B U F' L' B' L2 B' D2 Fw Uw2,2021-01-06 21:42:23,10,12,6,0,1,0,0,1,0
28871,19.72,B' D' F2 U' B2 R2 D' L2 U R2 D B2 U2 L' B' D2 R' D2 F' U' Rw' Uw,2021-01-06 21:46:35,10,11,7,0,0,1,0,1,0
28872,20.1,B2 L2 B2 R2 D R2 U' R2 D2 F2 U' B R' D2 L D' B' R2 U' L' U Uw',2021-01-06 21:47:22,9,10,8,0,0,1,0,0,1
28873,22.29,B' R U D2 L F L2 D' L' U2 B2 D F2 U B2 U2 R2 U' F2 D Rw Uw,2021-01-06 21:47:53,11,9,7,2,0,0,0,0,0
28875,25.97,U B2 U' F2 D2 F2 L2 U' F2 L2 U B' D L D' B R' B2 U' R2 Fw Uw,2021-01-06 21:49:35,11,11,9,0,0,1,0,1,2
28885,20.53,D' F2 B D2 F' B2 U' F' R2 U2 R' D2 B2 R' F2 L' F2 L2 B2 R Fw',2021-01-06 21:57:00,10,12,8,0,0,0,0,1,1
28886,25.91,D2 F2 D R2 U F2 D B2 D2 L2 B2 F' L R B' R U' F2 U2 L2 D Rw',2021-01-07 22:58:40,12,13,7,0,1,0,0,2,1
28892,22.51,U B' R U' B2 R' U F U2 F L2 F R2 B D2 B U2 B2 U2 L' D2 Fw' Uw',2021-01-07 23:03:59,10,12,6,0,1,0,0,1,0
28895,22.65,B2 F2 D' L2 F2 U' L2 D' B2 D2 L2 D2 F D' L' U2 R2 D F L U2 Fw,2021-01-07 23:06:08,10,12,6,0,1,0,2,1,2
28897,21.96,L2 F2 L2 R2 F2 U R2 D' U2 B2 U B' D' L' R U' L' R2 D' B2 F Rw Uw2,2021-01-07 23:07:24,10,12,8,1,0,0,0,2,1
28898,26.7,D' F2 U2 L U2 L2 D2 U2 L' B2 L F2 R2 D L' B F2 R F L R Rw,2021-01-07 23:07:58,11,12,6,1,1,0,0,2,0
28899,22.14,B F L2 F D2 U2 R2 B' F' L D U L' B' R D2 B2 D' F' Fw,2021-01-07 23:08:38,10,12,8,0,0,0,0,1,1
28900,22.35,U2 L2 D' B2 L2 D' B2 D2 L2 D L2 D L D2 F D B U' R B' L Rw' Uw',2021-01-07 23:09:14,10,10,6,1,1,1,0,1,0
28902,18.61,F U' F2 D L2 U' F2 U' L2 D2 B2 D2 F' U L' D L' F' L' F',2021-01-07 23:10:32,10,11,5,0,1,1,2,1,1
28905,18.84,B L' U2 R2 B' U F B D' F R2 B D2 R2 F' R2 L2 U2 L2 F' Uw',2021-01-07 23:13:04,10,10,8,1,0,1,0,1,1
28907,21.88,R2 D2 R2 B2 D2 B2 R U2 R' F2 R' D2 F R B D B2 L2 D' B2 L' Rw2 Uw',2021-01-07 23:14:28,11,12,8,1,0,0,0,2,1
28908,22.72,D L B2 D2 F2 D2 R D2 R2 D2 U2 F' R B2 R' U B' F2 U' R' Fw Uw2,2021-01-07 23:15:14,11,13,7,0,0,0,0,2,0
28909,21.0,L' U2 B' L2 F2 U B2 L2 U' F2 U B2 D B U' F2 R U' F2 L Uw',2021-01-07 23:15:48,10,12,8,0,0,0,0,1,1
28910,21.65,B2 U' B2 U2 L2 D2 L2 B U2 B' D2 L2 B U2 R U B D' B R F2 Rw' Uw',2021-01-07 23:16:56,11,8,8,3,0,1,1,1,2
28915,22.36,R L2 D2 R2 U' L2 D R2 F2 L2 R2 U' B' L D' L' B L B F' D' Rw Uw2,2021-01-07 23:20:52,11,12,6,0,2,0,0,1,1
28916,21.09,B R B2 D2 L D2 L F2 D2 L U2 R D L R U L R F' U R Fw Uw,2021-01-07 23:21:35,10,9,7,0,1,2,0,0,1
28917,17.18,D' F U' D2 F2 B2 L' F2 L2 U2 F2 U2 B2 D' F2 B2 L2 D B2 L B' Rw' Uw,2021-01-07 23:22:14,8,10,6,0,0,1,1,0,0
28918,23.77,R B U L2 D B2 L D2 F' D2 R2 D2 B' L2 B' D2 F R' D' B Rw' Uw',2021-01-07 23:22:44,11,14,6,0,1,0,0,3,0
28919,21.15,B' R' F' U R L' U2 D2 B' R2 D2 R B2 R F2 R2 D2 L D2 L' Uw2,2021-01-07 23:23:22,9,11,5,0,0,1,2,1,0
28920,19.85,D R F' U R2 B U' R2 B' U2 R2 B' D2 L2 B R2 D2 F D F' Rw2 Uw,2021-01-07 23:23:56,10,7,7,2,0,2,1,0,1
28921,22.09,L2 B L2 D2 R2 D L2 D' F2 D2 B2 D R2 L' U F L R' B' F2 R' Rw Uw',2021-01-07 23:24:28,10,11,5,0,1,0,1,0,0
28926,21.51,F2 U' R2 F2 D2 F2 R2 D2 L2 D F2 R' D' U2 L' B U' R F D' L' Rw' Uw2,2021-01-07 23:30:07,11,10,8,2,0,0,0,1,1
28927,23.34,R2 D' L2 B2 U' B2 F2 R2 U B2 D L B L2 U B' D2 B' U2 Fw Uw2,2021-01-07 23:31:07,11,14,6,0,1,0,0,3,0
28931,21.63,B' R2 F' U2 B' U2 F' U2 F2 L2 F R2 L' U' B L2 D B D R F2 Rw Uw2,2021-01-07 23:35:40,11,11,9,0,0,1,0,1,2
28932,21.45,D2 B F2 D2 U2 L2 B F2 U2 F L2 R' U B2 L R D B L2 U Rw,2021-01-07 23:36:17,11,11,7,1,0,0,1,1,1
28935,19.08,U F2 U2 L R F2 L' D2 L B2 U2 L2 U2 D' B' R' D2 B2 D R F2 Rw2 Uw2,2021-01-07 23:38:28,9,10,8,0,0,2,0,1,1
28936,23.05,D' L2 U B2 F2 D' U2 B2 R2 U2 L D2 U2 B' U' B2 L2 U' L' F' Uw2,2021-01-07 23:39:00,12,9,9,2,0,0,0,0,2
28937,25.58,D U2 B' F D2 L2 D2 U2 F L2 B2 R2 L' F R D' L R U F R' Rw' Uw,2021-01-07 23:39:33,12,13,5,1,1,0,1,3,0
28938,22.09,D2 F' U2 L2 F2 D2 B2 D R2 U' R2 U2 B2 L' B' U' B2 U R' U' Rw2,2021-01-07 23:40:11,11,11,7,0,1,0,0,0,1
28945,20.88,U B' U2 L' D2 R D2 U2 F2 D2 U2 R' B2 F D L2 R2 U2 L U' Rw2 Uw',2021-01-07 23:47:25,10,12,8,0,0,1,0,2,1
28946,24.32,L2 F2 U' F2 D' B2 D' B2 U2 B2 F L2 F' R D L D2 B' L2 F2 Rw2 Uw2,2021-01-07 23:47:59,12,13,7,0,1,0,0,2,1
28947,20.18,L F' U2 R2 F2 U2 F' L2 D2 U2 F' L' D' R2 F2 R2 U R B' R Fw Uw',2021-01-07 23:48:35,9,10,6,1,0,0,1,0,0
28950,24.18,U2 B2 D2 F2 R' D2 R' D2 L2 D2 F2 D' B L R' F2 U' L D2 R' Rw2,2021-01-07 23:51:33,11,11,9,0,0,0,0,0,2
28953,19.85,U2 R' F2 D' F2 R U R L2 F D2 L2 U2 F2 L2 B D2 B' U2 Fw Uw2,2021-01-07 23:53:35,10,13,7,0,0,0,0,2,0
28955,20.35,F R' B2 U2 L' D L D R2 U2 B D2 B U2 D2 R2 B' L2 U Rw Uw',2021-01-07 23:54:55,8,8,4,1,2,2,1,0,0
28956,24.81,F' U B2 U2 D2 B R' B2 L U' L2 U' R2 U F2 D F2 U' R2 F2 Rw' Uw2,2021-01-07 23:55:30,12,13,7,0,1,0,1,2,2
28961,21.87,U' B2 U' F2 U2 B2 L2 U' R2 F2 R' D F' L' D R F' D F U,2021-01-08 00:06:09,10,9,7,1,0,1,0,0,0
28967,22.1,F' R2 D' R2 B2 U' R2 D2 U' L2 B2 U2 L B2 F' R' U L2 F L2 U Rw2,2021-01-08 00:18:55,11,12,6,0,2,0,0,1,1
28971,21.67,D2 B2 U' F2 R2 D' F2 R2 F2 U' F' U R B2 D2 F2 D R2 D2 F' Fw Uw,2021-01-08 00:23:16,10,12,6,0,1,0,0,1,0
28973,26.09,R' F R U F' U L D U2 F' B2 D2 B D2 L2 F D2 B2 U2 Fw' Uw',2021-01-08 00:24:46,11,11,7,0,1,2,0,2,1
28976,27.56,L' U2 R B2 L D2 B2 L2 U2 B2 U2 F2 U L2 D B' R' U2 F L B2 Rw Uw2,2021-01-08 00:27:31,11,10,6,1,2,0,0,0,1
28977,20.32,R B D B' L' U' B L R2 F2 B2 D' L2 F2 B2 U' F2 U' L2 D B Rw,2021-01-08 00:28:11,9,12,6,0,0,1,1,2,0
28978,26.51,L2 R2 B2 U2 B L2 D2 F' U2 F L F U B2 F R2 D B2 L Uw',2021-01-08 00:28:51,9,10,6,1,0,1,1,1,0
28979,19.57,F2 R B2 U2 L2 D2 L F2 L' B2 F2 D2 F' R D B U R' U' R' Uw,2021-01-08 00:29:29,10,12,8,0,0,1,0,2,1
28980,19.96,L2 F' L2 F' L2 B R2 B2 R2 U2 R2 F2 U' L B F D' B D L' F Rw',2021-01-08 00:30:01,10,11,7,0,0,0,0,0,0
28982,17.49,R2 B F2 D2 U2 L2 B L2 U2 R2 F D L D2 U B' L F2 D' B2 Fw Uw2,2021-01-08 00:31:36,9,10,4,0,2,1,1,0,0
28983,20.09,D' B2 L2 U B2 D B2 U' B2 L2 R D2 R U' B2 F D F' L' F' Rw2,2021-01-08 00:32:06,9,10,6,0,1,1,0,0,0
28986,24.88,R2 D' R2 F2 D' B2 L2 D' U2 L2 B2 L' D B' L' D' R' F U2 Uw',2021-01-08 17:40:27,12,9,7,2,1,0,0,0,1
28987,23.34,D2 R2 D2 L2 U' R2 D' F2 D B' U' F L D' U B' F2 L' U Rw',2021-01-08 17:41:11,11,11,7,1,0,0,0,1,0
28989,23.66,D2 B' R2 L U' D' R' L' F' U2 F2 R U2 F2 L2 F2 U2 R2 U2 B2 R Rw Uw2,2021-01-08 17:43:10,10,12,8,0,0,0,0,1,1
28992,19.88,R2 B2 R' U2 R B2 F2 U2 L D2 U' R2 D2 L D B' F' L' D' L2 Fw' Uw',2021-01-08 17:48:03,11,12,8,0,1,0,0,1,2
28996,20.47,U D F' D2 B2 L' U B R' D F2 R2 U F2 U' L2 U2 B2 L2 B2 Fw' Uw2,2021-01-08 17:51:31,11,11,7,1,0,0,0,1,0
28998,22.32,L2 F2 D2 B2 R D2 R D2 F2 L U2 B' L2 R D' B R2 D B' U2 B' Fw Uw2,2021-01-08 17:54:11,11,9,7,1,1,2,0,1,1
28999,22.02,B2 L2 U2 B L2 D2 F2 D2 U2 F D2 R' F L2 R2 B2 U L2 B D2 Fw' Uw',2021-01-08 17:55:16,10,12,6,0,1,0,0,1,0
29004,28.16,B D F2 L D2 B L F B2 L2 U' L2 U F2 U2 F2 U R2 D' B' Rw' Uw2,2021-01-08 17:58:50,11,12,8,0,1,0,0,1,2
29007,22.39,R' U' D L' U2 B' L U' L' F2 L F2 L' D2 R' D2 R U2 B2 D Fw Uw',2021-01-08 18:03:29,10,11,7,0,0,1,0,1,0
29011,27.9,D' B' L2 B2 U2 R' B2 D2 L' D2 R B2 L2 D' U2 B' U' L2 B' D' Uw,2021-01-08 18:06:34,10,11,5,0,2,0,1,0,1
29014,19.7,R B2 U2 L D2 R' U2 L' R2 D2 U2 F2 B' R' F2 U' L2 D2 F' R U' Fw' Uw',2021-01-08 23:07:36,10,10,8,1,0,0,0,0,1
29015,23.55,B' R2 U2 B2 F2 R' D2 F2 L F2 U2 L2 B U R F2 D L2 F2 R2 Rw2 Uw',2021-01-08 23:08:14,10,10,4,0,3,2,0,1,0
29018,22.32,R2 U2 R' B2 L U2 L' F2 R' U2 R' F2 D' B' D2 U' L2 B2 L B' L2 Rw',2021-01-08 23:11:35,11,13,7,0,0,0,0,2,0
29020,21.48,U B2 D2 U' R2 U B2 U B' L B D' B' R' F' D' U2 B2 Rw2 Uw',2021-01-08 23:13:35,11,13,7,0,0,1,0,3,0
29022,19.62,U2 D B' D' B U F2 R2 F L B2 L U2 F2 L U2 D2 B2 U2 L Rw Uw',2021-01-08 23:15:06,9,12,6,0,0,0,1,1,0
29023,19.87,B2 D2 B' R2 L F D' B2 L' D2 R2 F2 U' L2 F2 R2 U2 L2 U F2 D' Fw' Uw',2021-01-08 23:15:37,10,10,6,1,1,0,1,0,1
29024,22.17,F R D2 L' F U2 B U2 B2 D R2 D2 L2 B2 D' F2 D R2 U R' F Fw,2021-01-08 23:16:15,10,12,8,0,0,0,0,1,1
29027,18.81,F2 L U R' F2 L D' B R2 U2 F2 D2 F' R2 U2 F2 R2 U2 F' U' R' Fw Uw,2021-01-08 23:19:16,9,10,8,0,0,1,0,0,1
29030,20.2,B2 L2 U B2 L2 U' R2 B2 F2 U' F2 L D' U R F' U' L2 B L D' Fw' Uw',2021-01-08 23:22:36,10,12,6,0,1,0,0,1,0
29031,20.36,L' U F2 L2 R2 U2 B2 D' R2 D' R2 B2 R U' R' U2 L D2 B' D,2021-01-08 23:23:09,10,6,6,3,1,2,0,0,0
29033,23.91,R2 D F D B2 L2 D F2 U' F2 D L2 R2 F L' U2 R D' L2 B' Rw2,2021-01-08 23:25:46,12,13,9,0,0,0,0,2,2
29034,17.06,B2 D2 L2 D2 R2 U F2 U2 B' L' U2 R2 D' F2 U2 F Rw' Uw2,2021-01-08 23:26:24,9,10,8,0,0,2,0,1,1
29038,23.93,U' F2 L2 U2 R2 D' U2 L2 B2 L2 U' R' B F2 R' D' L2 U' R B' F2 Fw Uw,2021-01-08 23:29:00,10,12,8,0,0,0,0,1,1
29039,24.65,R2 B' R2 B2 R2 F R2 F D2 F' L2 F D L R' B2 D L' D' L2 U Uw,2021-01-08 23:29:45,11,13,7,0,1,0,0,2,1
29040,23.2,F' U2 F' L' F' L2 U' B2 R F2 L' F2 L' B2 U2 R B Uw',2021-01-08 23:30:23,13,11,7,2,1,0,0,2,1
29041,21.71,R' U' F' L B R2 L U' B' D2 F2 B2 L' F2 R' D2 R2 U2 R2 Fw' Uw',2021-01-08 23:30:59,10,12,8,0,0,1,0,2,1
29043,22.7,D2 B' R2 B D2 L2 B' L2 R2 U2 F' R U' L B F U2 R' D R' Rw Uw,2021-01-08 23:32:48,11,12,6,0,2,0,0,1,1
29048,22.63,L2 D F2 U2 L2 D2 L2 U' F2 D R2 B' L2 B2 R F D2 B2 D R F' Rw Uw,2021-01-08 23:35:58,12,13,7,0,1,0,1,2,2
29049,19.43,R' F' L2 D L F R2 F D' F' R2 D2 R2 F' D2 L2 F L2 F2 Rw' Uw',2021-01-08 23:36:33,9,10,6,0,1,1,0,0,0
29052,23.1,R B' L' F B' D R' B L' D2 B2 R2 D' L2 B2 L2 U2 B2 D B2 D' Fw Uw',2021-01-08 23:38:35,11,12,8,1,0,1,0,3,1
29053,21.81,R B2 U2 R2 F2 R B2 U2 R2 U2 B F' R F2 D2 F2 U L R' Uw',2021-01-08 23:39:38,11,11,9,0,0,0,0,0,2
29054,23.52,F' R2 B' R2 U2 R2 F2 U2 F D2 L U' R F2 U2 R' U2 R2 B2 Rw',2021-01-08 23:40:11,11,12,8,0,1,0,0,1,2
29055,20.44,B' R L2 F' L' D' L2 B R U R2 F2 R2 U R2 L2 D L2 U2 F2 B2 Fw Uw,2021-01-08 23:41:22,10,12,8,0,0,0,0,1,1
29058,22.52,D2 R B2 D2 F' R2 D2 F' D2 B' L2 B2 U2 D' B D U2 B2 U' R2 Fw' Uw,2021-01-08 23:43:23,10,12,8,0,0,1,0,2,1
29059,20.88,L2 R2 B2 D' F2 R2 U L2 U F2 U' B' L F U' R D F U' R Rw Uw',2021-01-08 23:43:59,12,11,7,2,0,0,0,2,0
29060,20.08,R D2 L' F' D' F R' B' L' F2 R' D2 L U2 L B2 U2 R' U' Rw',2021-01-08 23:44:30,10,10,8,1,0,1,0,1,1
29061,24.11,U2 F' U D' R' F' U F U' L2 D2 L2 U2 B R2 L2 D2 B2 Rw',2021-01-08 23:45:30,11,12,6,1,1,0,0,2,0
29063,22.9,F2 R2 U B2 U' L2 R2 B2 U' B2 D2 L' U L' F L' F' L B' D Fw' Uw2,2021-01-08 23:47:08,11,13,7,0,0,0,0,2,0
29064,22.0,B U2 B' U2 F U2 F2 L2 R2 U2 F' D' L2 B D B R F L B' U2 Rw,2021-01-08 23:47:41,10,11,7,0,0,1,0,1,0
29068,20.97,D L' D B R' F D' F U2 F U2 B' L2 U2 F D2 R2 D2 L2 R D' Rw Uw2,2021-01-08 23:50:54,11,12,8,1,0,0,0,2,1
29075,21.61,U B U' F B U D F' L' B2 R2 U D R2 L2 B2 D' L2 U F2 L2,2021-01-08 23:57:43,11,11,7,1,0,1,0,2,0
29076,21.23,D' F2 U2 L' B R F2 L F2 L2 U' R2 D L2 D F2 R2 D2 L2 U Rw' Uw2,2021-01-08 23:58:16,10,12,8,0,0,1,0,2,1
29077,23.93,D2 U' R2 D' F2 U R2 B2 R2 U' F2 R U' F2 D L D2 F' U' B R' Rw Uw,2021-01-08 23:58:48,10,10,6,1,1,0,1,0,1
29078,20.76,F' D B2 F2 U2 F2 U' B2 R2 D2 U L B D' B R U L F Rw2 Uw',2021-01-08 23:59:32,10,11,7,0,0,0,1,0,1
29080,22.83,L' D2 B2 R2 B2 R2 D' R2 U2 R2 D' F2 L2 R' B' L F' L2 D' U R' Uw2,2021-01-09 00:01:34,11,12,6,0,2,0,0,1,1
29082,18.75,B' R2 L' D2 F' L U' B2 D' R2 U2 L2 F2 B2 L D2 L2 D2 Fw',2021-01-09 00:02:56,9,10,6,0,1,2,0,1,0
29083,23.68,R2 D F2 U2 B2 R' F2 L D2 R F2 D2 U2 L2 F' R B' L' F U B Fw' Uw2,2021-01-09 00:03:28,11,14,8,0,0,0,0,3,1
29088,19.54,B2 R' F2 L D2 L U2 L2 F2 U2 L F D2 F2 D F' R' U' L' U2 Fw Uw,2021-01-09 00:07:32,9,10,6,0,1,1,0,0,0
29091,21.56,L B2 D2 R2 B2 U R2 B2 U' R2 F2 D B' F' R' F R D B F Rw Uw,2021-01-09 00:09:33,11,14,8,0,0,0,0,3,1
29093,22.44,D2 R U R2 B2 F2 D2 U L2 F2 L2 F2 R2 U' F D F2 D2 R' D2 B2 Rw2 Uw2,2021-01-09 00:10:57,11,13,7,0,0,1,1,3,1
29094,23.2,L2 U' D R' L D R' F' U2 F' R2 F B2 D2 L2 D' F' Rw Uw,2021-01-09 00:11:29,10,11,7,0,0,1,1,1,1
29099,21.9,B' D R2 D' L2 U' B2 F2 D2 U' F2 U' B2 R' F' D' L U2 F' Fw',2021-01-09 00:15:26,11,12,6,0,2,0,0,1,1
29100,22.07,F' R2 D2 U2 B' D2 B' U2 B2 L2 F R' B' D B' D F' U' R2 Fw' Uw2,2021-01-09 00:16:00,9,8,6,1,1,2,0,0,0
29101,19.98,D F2 D2 L2 D2 R2 F2 R2 U' F2 U L' B L2 R D2 R D U' L Rw2 Uw',2021-01-09 00:16:43,10,9,9,1,0,2,0,1,2
29102,20.8,U R2 D' R' B' L' D2 L' F U F2 L2 U' R2 D' L2 U L2 B2 D' F2 Fw' Uw,2021-01-09 00:17:15,10,10,8,0,1,1,0,0,2
29103,18.96,U' L2 B2 U F2 R2 D' U' F2 U R D2 B F' R' F2 D L2 D' B2 Rw' Uw,2021-01-09 00:17:47,10,11,7,0,0,1,0,1,0
29104,21.86,U' D B' U' D L' D' B R2 F D2 B' R2 D2 B' R2 D2 B R2 D Uw,2021-01-09 00:18:20,11,12,10,0,0,1,0,2,3
29105,21.91,F L' B D' R' B' U L2 F U2 R' F2 R F2 L D2 L D2 L2 D2 R2 Rw2,2021-01-09 00:18:53,11,12,6,1,1,0,1,2,1
29107,18.7,L2 B L2 D2 F2 R2 F D2 B U2 F L2 D R' D2 U2 F D B' F R Rw2 Uw2,2021-01-09 00:20:06,10,11,7,0,0,0,0,0,0
29110,24.28,L2 D F' D' F2 U' L2 B2 U R2 F2 L2 U2 L' F' R F U' L2 D' Fw' Uw,2021-01-09 00:22:00,12,13,9,0,0,0,0,2,2
29113,20.09,R' B U D' F' B L F U' D2 B2 R' D2 R D2 L2 D2 R' F2 L2 F2,2021-01-09 18:02:26,10,12,6,0,1,0,0,1,0
29115,23.68,D F2 L' B' L' D' F' R' B2 L2 D' B2 U R2 U B2 D' R2 L2 U Fw Uw2,2021-01-09 18:04:26,12,11,7,2,0,0,0,2,0
29116,28.13,R B' L' F2 D2 R' U2 R' F2 L' D2 R B2 D' B L F' D' B2 D2 Rw' Uw2,2021-01-09 18:05:02,11,11,5,0,2,1,0,1,0
29118,21.44,U' R F' U F2 B R F' D R D2 R' L U2 B2 L2 F2 R' F2 B2 U2 Rw2 Uw',2021-01-09 18:07:39,12,11,5,1,2,0,0,1,0
29119,26.52,U L D F2 D' L2 U F2 D2 R2 F2 U B2 L2 R' B' D F' R D' L2 Uw',2021-01-09 18:08:17,11,9,7,2,0,0,0,0,0
29120,24.83,F2 L2 B2 R2 D' R2 D2 R2 U R2 L' B' L2 U' L R' F D' B D' Rw' Uw',2021-01-09 18:09:00,11,11,7,1,0,1,0,2,0
29121,20.78,D2 F2 R B2 F2 D2 L D2 B2 D2 B2 R2 D' F R' U' L2 R U2 B F' Rw2 Uw,2021-01-09 18:10:47,10,12,8,0,0,0,0,1,1
29122,20.93,D2 L2 D2 B' D2 B' D2 B' R2 F D B D F L' B L F D' Rw2 Uw2,2021-01-09 18:11:22,11,11,7,1,0,1,1,2,1
29127,22.03,L' U2 B2 D' B2 R2 D B2 U2 B2 U' F2 U' F D' R U R2 U' R U Fw Uw,2021-01-09 18:15:50,11,10,10,1,0,0,0,0,3
29128,20.16,B2 L2 D2 F L2 B' L2 F2 D2 L2 U' B U F' R' B2 R D2 Rw' Uw,2021-01-09 18:16:26,9,12,6,0,0,1,2,2,1
29129,22.82,R2 B2 F2 D2 B2 L2 R2 D L2 U' F' R' D B D R2 B2 F U2 R Fw' Uw,2021-01-09 18:17:08,12,13,7,1,0,0,0,3,0
29131,23.54,F2 U' B R2 B' D2 F' R2 F' U2 R2 U2 F L' R2 U2 L' B2 D' U2 Rw' Uw',2021-01-09 18:18:56,11,13,5,0,1,0,1,2,0
29133,21.4,L' U' F B D R L2 F' D' B2 U2 B2 R' F2 U2 R F2 L F2 R Rw,2021-01-09 18:22:37,13,11,7,1,2,0,0,1,2
29134,18.77,F2 D F2 U2 F2 L2 F2 U' F2 D' U' L B F2 U B' U' F L B' Rw',2021-01-09 18:23:44,9,9,5,0,1,2,1,0,0
29136,23.95,F2 B' L' U D B2 L U L D2 B2 L2 F D2 B U2 R2 F L2 B Rw' Uw,2021-01-09 18:25:34,11,11,7,1,0,1,0,2,0
29137,22.06,U2 R2 U F2 U' L2 B2 D2 L2 U' F2 U R' B' R2 B2 F' D' R F' L2 Rw' Uw2,2021-01-09 18:26:39,11,11,7,1,0,0,1,1,1
29138,23.91,R2 D2 U2 R2 F' D2 L2 B' F2 L2 F D' L' R D' L2 U B D2 U',2021-01-09 18:27:13,10,12,8,0,0,1,0,2,1
29139,18.72,R' L' F2 D' F' B2 U R2 F' U2 B U2 F U2 F' D2 B U2 F R' Rw,2021-01-09 18:28:16,9,11,7,0,0,1,1,1,1
29143,23.17,L2 B2 L U2 L' D2 L' U2 L U2 B2 R2 B' L2 D2 F' L' R D F2 L' Rw Uw2,2021-01-09 18:31:50,12,13,9,0,0,0,0,2,2
29145,20.29,F' D2 U2 F' D2 F2 D2 L2 F' U2 L2 F R U L U' B D U' B2 U' Rw' Uw',2021-01-09 18:33:26,9,10,8,0,0,1,0,0,1
29146,23.58,F2 R D B2 L U' D' R D R' F2 U2 F' U2 D2 L2 F D2 B2 D2 R2 Fw' Uw2,2021-01-09 18:34:07,12,11,7,1,1,0,0,1,1
29148,18.06,F' U F' U D F D' R2 U D2 F2 L2 B2 R2 F2 L D2 R F2 Rw2,2021-01-09 18:36:23,10,12,6,0,1,1,0,2,0
29149,23.71,D' U2 F2 L' D2 B2 D2 F2 L' R' B2 D2 L B' F2 U L' B2 U2 R2 Fw' Uw2,2021-01-09 18:36:57,12,13,7,0,1,1,0,3,1
29150,22.37,D' L2 U B2 U' R2 B2 U2 L2 U F2 U2 B L D' B R' U2 B2 D L' Fw Uw,2021-01-09 18:38:09,11,11,7,0,1,0,1,0,2
29153,19.78,D2 B' D2 B2 F D2 U2 F' L2 D2 R2 D R2 F L D2 L' F' D U Fw' Uw,2021-01-09 18:40:08,10,10,8,1,0,0,0,0,1
29154,21.77,U' F2 D' F2 L2 U R2 D L2 U2 L2 F U2 R B' U2 R' D' F2 D2 Rw',2021-01-09 18:40:42,10,12,8,0,0,0,0,1,1
29155,20.74,L2 D L2 D R2 F2 U' F2 U2 B2 U' F' D L F2 L U' R' B2 U' R' Rw,2021-01-09 18:41:17,10,11,7,0,0,1,1,1,1
29158,20.76,R2 L' D' R' L2 D F B U F2 U2 F2 R2 U' R2 D' R2 U2 L2 D' Rw' Uw,2021-01-10 13:26:35,10,12,8,0,0,0,0,1,1
29163,22.8,D2 B' U' D R2 L B L2 U2 L2 D' F2 B2 R2 F2 D R2 U L B' Fw Uw2,2021-01-10 13:30:40,11,13,5,0,1,0,1,2,0
29164,25.3,U' R' L U' F' D2 F' U' R2 L2 U' R2 D F2 L2 D L2 D L D Rw Uw,2021-01-10 13:31:14,11,13,9,0,0,0,0,2,2
29165,29.1,D' L2 F2 D' R2 B2 R2 D2 B2 F2 R' F2 U R2 U2 B D B' R2 U Uw',2021-01-10 13:32:58,11,11,7,0,1,1,0,1,1
29166,21.48,U2 R' L' B R2 L D' R' F' R F2 R2 D2 F2 D F2 U F2 B2 L2 B2 Uw,2021-01-10 13:33:53,10,11,9,0,0,1,0,1,2
29168,23.42,R2 D2 B L2 F' U2 B' R2 D2 F U2 B' R D F D F2 D F2 L B2 Fw Uw,2021-01-10 13:36:27,11,13,7,0,0,0,1,2,1
29169,19.4,L B D B2 R' F' D F2 B' L2 U2 B' L2 D2 B D2 L2 D2 R2 U R' Fw Uw2,2021-01-10 13:37:13,9,8,6,2,0,1,1,0,0
29170,25.48,B' L' F' L2 U2 F D2 R2 F2 R2 B L2 R2 B' U R B2 R' B2 L' D' Fw Uw',2021-01-10 13:37:50,11,11,7,1,0,0,1,1,1
29172,21.53,F' R2 D2 U2 F2 R' U2 F2 L F2 L2 R' F' D' U B D R2 U F R' Fw',2021-01-10 13:39:14,11,11,7,1,0,0,0,1,0
29174,23.64,D L F' R U2 B R D' F2 D F2 L2 D L2 U R2 B2 L2 U B' R' Fw' Uw,2021-01-10 13:40:29,11,11,9,0,0,0,0,0,2
29175,21.41,F L B2 D B2 U L2 U2 R2 D' R2 D R D U' L F' D' L2 B2 Fw Uw,2021-01-10 13:41:05,11,10,6,2,1,0,1,1,1
29177,24.83,L' U2 R2 B' L2 F' D2 L2 R2 B2 U2 F L' D L' R2 B' D' B2 R Fw' Uw2,2021-01-10 13:42:17,12,11,7,1,1,0,0,1,1
29179,22.79,F2 U2 F' D2 U2 B U2 R2 U2 F' D2 B D' B' U' L2 R' B D' L D2 Fw' Uw2,2021-01-10 13:43:44,12,10,4,2,3,0,0,1,0
29183,27.32,U2 L D2 L2 U R2 U' B2 D' U2 L2 R2 F2 U R' B' F' R F2 R2 U2 Fw' Uw,2021-01-10 13:47:17,12,13,7,0,1,0,0,2,1
29185,23.58,F D U2 L2 F2 L2 U' B2 L2 D2 R' D2 F' D2 F2 L' U2 B2 F' Rw' Uw2,2021-01-10 13:48:42,10,12,8,0,0,0,0,1,1
29189,23.2,B L U B2 U2 F2 D' L2 U2 F2 U R2 F' D2 R F' D2 F2 D2 U' F Uw2,2021-01-11 15:53:24,11,12,8,0,1,0,0,1,2
29190,21.85,F' L2 U' D R D2 F D L U2 L2 F2 R2 U2 R2 D B2 D B2 R2 L2 Rw2 Uw,2021-01-11 15:54:15,10,10,8,1,0,1,0,1,1
29191,19.93,L F2 U R2 U' L2 B2 R2 U2 L2 U2 F2 L' D B2 F' R B D2 B2 Fw' Uw2,2021-01-11 15:55:14,10,11,7,0,0,1,0,1,0
29194,20.59,B' R D' L2 B2 U2 L2 F2 D' L2 B2 U' L' U' F2 U2 F L' U B Rw Uw2,2021-01-11 15:57:00,10,12,6,0,1,0,0,1,0
29200,27.06,R D2 L2 U2 L2 B' U2 B' R2 F L2 B' D' U' F R' B2 L' D2 R Fw Uw',2021-01-11 16:01:45,13,9,7,3,1,0,0,1,1
29201,18.9,U F U2 B2 R2 D L2 F2 R2 F2 U B2 D B2 L B U' B' F R2 Rw' Uw',2021-01-11 16:02:23,9,12,6,0,0,0,1,1,0
29202,22.54,F L2 B2 R' F R2 U L' D F2 L' D2 L D2 B2 R F2 L B2 Uw',2021-01-11 16:02:54,11,13,7,0,0,0,0,2,0
29203,21.16,L2 D2 F D2 B' R2 B' U2 L2 R2 F' L' D' F' D' B2 D' U B R U Uw',2021-01-11 16:03:27,11,12,6,1,1,1,0,3,0
29205,23.12,B D2 F' L2 B' L2 F' D2 U2 R2 D2 B2 L B' F' U' B' F2 L U' R Fw' Uw2,2021-01-11 16:04:35,10,9,7,1,1,1,0,0,1
29206,20.6,B D L' F2 U' R2 D2 L2 B2 R2 B2 U R2 U2 F' D' B2 R D B2 F Rw' Uw,2021-01-11 16:05:13,10,12,8,0,0,1,0,2,1
29208,22.95,F2 D2 L' F2 R B2 R' U2 B2 D2 R2 D2 U F2 R D U2 F' U' F2 L Uw,2021-01-11 16:06:29,10,12,8,0,0,0,0,1,1
29212,19.96,U2 R2 F D2 L2 F' U2 F2 L2 U2 B' D L2 F D' U2 L' F2 D2 L2 Rw' Uw,2021-01-11 16:10:02,10,11,5,0,1,1,1,1,0
29213,19.99,L D F R D2 F2 B U R D2 R2 B2 U2 R2 D' R2 D2 F2 D2 Fw Uw,2021-01-11 16:10:34,10,8,6,2,1,1,0,0,0
29215,21.94,L2 B D B2 U L2 F2 L2 B2 U' F2 D' L2 R' U2 L D L D' B' D' Rw',2021-01-11 16:11:54,10,11,7,0,1,0,0,0,1
29217,22.82,B2 U2 B D2 B' R2 D2 F2 R2 F L' F' U' L' D' B' U F R2 Rw2 Uw2,2021-01-11 16:13:11,11,11,7,0,1,0,0,0,1
29219,21.61,U' R U' L2 D2 B2 R2 F2 L2 U F2 U2 F2 L2 B' F' L' D2 U' L2 U2 Uw',2021-01-11 16:14:21,11,13,7,0,0,0,0,2,0
29221,20.84,F' R F2 U2 B' R2 D2 R2 F2 U2 B2 U2 F U' B' R2 U' R U2 L' Rw2,2021-01-11 16:15:40,11,11,7,0,1,1,0,1,1
29222,21.53,B' R' U B U F2 D2 B' R' F' D2 B' U2 B L2 B' D2 L2 B2 D2 Fw' Uw2,2021-01-11 16:16:23,9,10,8,0,0,2,0,1,1
29225,17.26,U R B D2 L2 U L' F R2 U' F2 L2 F2 B2 D B2 U' B2 D B Rw Uw2,2021-01-11 16:22:30,9,10,8,0,0,1,0,0,1
29227,21.31,R2 U' D' R' F R2 B U F2 L2 D2 B2 D' R2 L2 D' L2 U L2 F' U2 Rw2 Uw',2021-01-11 16:23:38,12,13,7,0,1,0,0,2,1
29228,21.4,D2 F2 R L2 U2 L B' F2 U L2 F2 R2 B2 D R2 D R2 L U Rw' Uw,2021-01-11 16:24:10,10,10,10,1,0,1,0,1,3
29230,23.15,L2 B2 D' R2 D U2 L2 U2 R2 B2 U' F2 R F' R B' D R B' D2 U' Uw,2021-01-11 16:25:36,10,10,8,1,0,0,0,0,1
29231,21.6,R D' L' B2 D' B2 U' B2 F2 D' L2 D2 B2 U' L' D B D L' F' R Fw Uw2,2021-01-11 16:26:12,11,11,7,1,0,0,0,1,0
29233,20.61,L2 D' F2 R2 B2 L2 D' L2 D2 B2 R2 L' B2 F L D F D2 B2 R Rw2,2021-01-11 16:27:40,9,12,6,0,0,0,1,1,0
29234,23.62,F' U' D2 F' D2 L2 U2 L2 B F L2 U2 B L R2 U F R' F U' Rw,2021-01-11 16:28:10,12,11,7,1,1,0,0,1,1
29235,20.53,U2 B2 D2 F2 L2 D2 R2 U2 B2 L' B2 F R2 U R F' U' F' U F Rw' Uw2,2021-01-11 16:28:44,10,8,6,2,1,1,0,0,0
29237,19.4,L2 R2 D L2 R2 F2 L2 D2 R2 D U2 R' D L U F2 R' B D2 F2 L Fw' Uw',2021-01-11 16:30:13,10,11,7,0,0,1,1,1,1
29238,20.66,U' D2 R2 D2 U2 F' R2 U2 R2 D2 B U' B2 L B' U B2 R U' F Uw2,2021-01-11 16:30:51,9,10,8,0,0,1,0,0,1
29239,20.86,F2 U2 R2 F2 L2 F' U2 R2 D2 U2 F R' U' R' D B2 L B2 F R2 Rw' Uw2,2021-01-11 16:31:24,11,11,3,2,1,0,3,2,0
29240,23.28,U' R' D' R' F R L B' R L2 F' L2 F U2 F' D2 F' B' L2 D2 L2 Fw Uw2,2021-01-11 16:31:57,12,11,9,1,0,0,0,1,2
29241,21.45,R B' L2 B' D F' D' L' D R2 U2 B R2 D2 F2 D2 B2 L2 D2 F Rw2,2021-01-11 16:32:43,11,12,6,0,2,0,0,1,1
29242,21.89,U D' R' L' F' L2 F U B2 U D2 F2 D F2 R2 D R2 B2 R U2 Rw Uw,2021-01-11 16:33:23,12,11,7,0,2,0,0,0,2
29243,17.9,R2 U2 R' B2 D2 R F2 R2 F2 U2 L2 U2 D' L2 R2 F L' D' R' B' F Fw',2021-01-11 16:33:59,9,6,8,2,0,3,0,0,1
29244,23.41,D L2 D' L2 B2 D2 U R2 F2 U2 F U2 F R F U B R' D2 R' Rw,2021-01-11 16:34:34,11,10,8,2,0,0,0,1,1
29246,18.79,R' U2 L2 F' R2 F2 R2 U2 B' F2 R2 B' U B' U L U' R' D2 Rw,2021-01-11 16:35:51,9,9,7,0,0,2,1,0,1
29249,18.33,D2 R F2 U' R' F' B' D2 R F2 R2 D2 L2 F D2 F D2 L2 U2 F' R2 Fw',2021-01-11 16:38:32,10,12,8,0,0,0,0,1,1
29251,21.02,B' R F2 D2 F2 D' R2 D' B2 U R2 U2 R2 U' F' R D' U2 R2 F' U Rw' Uw,2021-01-11 16:40:25,10,9,7,2,0,0,1,0,1
29252,19.98,B2 L' F' D2 F2 U2 B D2 F U2 B2 U2 L2 U L2 R2 F2 R' F L2 Uw,2021-01-11 16:41:03,10,10,8,1,0,0,0,0,1
29254,19.71,D2 B2 F2 U' R2 B2 D R2 U2 R2 D F2 L F' L B U R F' D' F2 Uw,2021-01-11 16:42:19,11,10,8,2,0,0,0,1,1
29256,21.62,U2 L2 B2 D2 L2 F2 D L2 D R2 L D' B U B' R2 D2 R' B' U' Rw' Uw',2021-01-11 16:44:08,10,12,8,0,0,0,0,1,1
29259,21.35,B2 U L2 D2 L2 F2 U' F2 D2 L2 U B' D2 U' F' L U2 B F D',2021-01-11 16:46:12,11,12,6,0,2,0,0,1,1
29260,19.86,B L2 D2 F2 D2 B' D2 L2 B U2 L2 R' U2 B U F' L' U2 R U Fw',2021-01-11 16:46:52,11,11,9,0,0,0,0,0,2
29263,20.36,F2 U' L2 F2 U R2 D F2 D' B2 L2 D' B L2 B' L' R' B2 R U Rw2 Uw',2021-01-11 16:49:15,10,12,8,0,0,0,0,1,1
29266,17.04,R' F' L2 F' U B U L D' R2 D2 R D2 R B2 L F2 L' F2 R2 Fw Uw',2021-01-11 16:51:10,9,12,6,0,0,1,1,2,0
29267,19.44,B2 D2 B U2 F U2 L2 B' R2 B U2 D F L' B2 D2 F' L D R' Rw2 Uw,2021-01-11 16:51:40,9,10,8,0,0,2,0,1,1
29269,22.07,L' B' D2 F2 U' B L F' L' R2 D L2 U2 F2 L2 U R2 F2 D F2 D' Fw Uw',2021-01-11 16:52:52,12,13,5,0,2,0,0,2,0
29271,22.14,B U2 B' R2 F' U2 F2 D2 F' L2 D2 L' D' B2 L' U' F U2 B' L Fw,2021-01-11 16:54:28,10,10,6,1,1,1,0,1,0
29273,19.37,R' L' U' F' L2 U L B R D2 B2 R' F2 L2 F2 B2 D2 R L2 U2,2021-01-11 16:56:03,9,12,4,0,1,0,2,1,0
29275,22.9,U D' R' D' B' U2 R F2 D R2 B2 U2 F2 L2 D2 R' B2 L B2 R' Uw,2021-01-11 16:57:16,10,11,7,0,0,0,0,0,0
29276,17.68,U' L2 U F2 U B2 U' R2 U' R2 U B' L2 B' D2 L F' R2 D2 R' F Fw Uw,2021-01-11 16:57:49,9,12,6,0,0,0,1,1,0
29277,20.58,U' L U2 L D' L B' L' F L D2 L' U2 L2 D2 B2 R' D2 F2 U2 B2 Uw,2021-01-11 16:58:17,10,10,8,0,1,1,0,0,2
29278,24.3,B2 R' D2 L2 U R2 U' B2 L2 B2 L2 U2 F U' B2 L D2 L2 F Uw',2021-01-11 16:58:54,11,10,8,1,1,1,0,1,2
29279,23.45,L2 B D2 F' U2 R2 F2 D2 L2 U2 F2 R' U' F' D B L B D2 R' B' Rw2 Uw',2021-01-11 16:59:33,11,12,8,1,0,0,0,2,1
29280,24.73,L2 F2 U F2 U' F2 D2 R2 F2 D2 F2 R' B F2 R U' F2 D L B Fw' Uw2,2021-01-11 17:00:08,12,12,8,1,1,0,0,2,2
29281,19.52,D R B' U' D R U' F U D2 F R2 F D2 F L2 D2 B2 U2 F2 Fw,2021-01-11 17:00:45,11,13,7,0,0,1,0,3,0
29284,19.25,D R2 F2 U2 R2 B2 U R2 U2 R B L' U B D2 L' D' F2 U Rw' Uw2,2021-01-11 17:03:12,11,11,7,0,1,0,0,0,1
29288,19.88,L' B2 R' U' F L' B' D R' U2 F2 L2 D2 B2 R' D2 B2 L' D2 F2 Uw,2021-01-12 17:01:42,11,11,5,1,1,0,1,1,0
29290,19.88,L2 U2 L F2 L' D2 B2 D2 L D2 U2 L' F L' D' R' U' R2 U F L2 Fw,2021-01-12 17:03:50,10,10,8,1,0,0,0,0,1
29291,20.66,L' F2 D B2 L2 F2 U' L2 D' L2 D B2 R2 L' F' R2 B' L2 U L2 F Fw Uw2,2021-01-12 17:04:28,11,11,9,0,0,1,0,1,2
29293,23.17,B' R2 D2 R L' F' U L2 F B2 D2 B2 U D2 B2 R2 U2 R2 D R2 Rw',2021-01-12 17:06:57,10,11,7,0,0,0,0,0,0
29294,22.68,U' F' D2 R2 U B2 U L2 F2 U L2 U' F2 U' L' F' D2 F2 U' L U2 Uw2,2021-01-12 17:07:39,12,11,5,1,2,0,0,1,0
29299,24.87,F' R2 D' R' D F' B' L F' L2 U2 R2 F' L2 F D2 B' R2 B' D' Rw' Uw',2021-01-12 17:11:25,12,13,7,0,1,0,0,2,1
29301,16.12,U2 R2 F2 R2 B' U2 L2 D2 B2 D2 F U2 D' F L2 R2 U L B' F' D' Uw',2021-01-12 17:13:27,8,10,6,0,0,2,1,1,0
29304,23.53,R2 U F' R U D B' U' R' F2 U2 F2 R2 F2 L U2 F2 B2 Fw' Uw',2021-01-12 17:15:33,11,9,3,2,2,0,2,0,0
29305,19.94,U B2 R' D2 R' F2 U2 R2 D2 F2 L2 F' D' B L' R B' F' R' Uw',2021-01-12 17:16:07,10,12,6,0,1,0,0,1,0
29306,21.23,L2 B2 L2 D2 F2 D B2 D' L2 F2 R2 F2 R B U R2 D L F U2 F Rw' Uw2,2021-01-12 17:16:56,11,10,8,2,0,0,0,1,1
29309,21.8,L2 F2 D2 B' D R' U' D2 F2 U2 F2 R D2 L' B2 U2 L2 D' Rw' Uw,2021-01-12 17:19:44,11,13,5,0,1,0,1,2,0
29312,22.8,F R2 F2 D R2 F2 U' R2 D' F2 U2 R2 F' D2 B R F' D' U L2 Rw2 Uw,2021-01-12 17:22:08,12,11,7,2,0,0,0,2,0
29315,24.68,L D2 F2 L' U' R F U L2 D2 R2 D' L2 U B2 D L2 U2 F2 L' Fw' Uw2,2021-01-12 17:24:49,9,9,5,2,0,1,2,1,0
29318,19.29,B U' F U2 L2 F2 D2 F' L2 F R2 U L2 R F' L R D' B2 Rw2 Uw',2021-01-12 17:26:52,10,12,4,0,2,0,1,1,0
29319,20.62,B U D F D' L U' B' U2 F' L2 F B2 L2 D2 L2 D2 F2 L U' Fw' Uw2,2021-01-12 17:27:58,10,11,7,0,0,0,1,0,1
29328,21.62,L2 B2 F2 U' F2 L2 D' L2 B2 U' B2 U F D' R' F' R' D' B2 L2 B Rw2 Uw',2021-01-13 21:32:58,10,12,6,1,1,0,0,2,0
29334,26.31,L2 F2 U B2 R2 U F2 R2 D2 B2 R2 B D' B' U F L' B' L U L Uw',2021-01-14 16:33:05,13,11,5,1,3,0,0,1,1
29337,17.42,R U2 F' L2 B' D2 U2 R2 B' U2 B' F2 U L F2 R2 U' R2 B D R Rw' Uw,2021-01-14 16:36:18,10,7,5,2,2,3,0,1,0
29341,20.62,B' U2 B2 R2 F' R2 U2 F' D2 B D2 U' R2 B' L B2 L F2 L F' Rw2,2021-01-14 16:39:28,10,12,6,0,1,1,0,2,0
29343,21.69,R2 D F' B' R' L' F2 U' B2 D2 L2 B' D2 F' U2 F R2 D2 F D' Fw' Uw',2021-01-14 16:40:49,11,11,5,0,2,1,0,1,0
29346,21.72,L2 U2 F2 R2 F' L2 B' L2 U2 F2 L D F U R' F' U' R B2 D2 Rw2 Uw',2021-01-14 16:43:12,12,13,9,0,0,1,0,3,2
29347,19.35,B2 F2 R2 D' B2 U2 F2 D' L2 B2 L U2 R2 D' L2 D' F D B' Fw' Uw',2021-01-14 16:43:49,10,12,8,0,0,0,0,1,1
29352,19.93,D' L2 D' L2 U L2 B2 L2 B2 D2 R F' D2 F D' B' L D' Rw Uw2,2021-01-14 16:51:24,11,11,9,0,0,1,0,1,2
29353,21.29,U R' D' B U' B2 D2 R F' D2 R F2 D2 F2 U2 B2 L' F2 B2 U2 Uw,2021-01-14 16:51:58,10,10,8,1,0,0,0,0,1
29357,22.31,L' B2 D B L U' B2 U F' R2 F2 R F2 R2 D2 L' U2 F2 L' F2 L Rw' Uw',2021-01-14 16:55:43,11,11,7,1,0,0,0,1,0
29359,24.66,B F2 L2 B2 L F2 D2 B2 F2 L' B2 R' B U F R2 B' D2 L B' Rw' Uw',2021-01-14 16:57:02,12,12,8,1,1,0,0,2,2
29361,17.86,U' R F2 D L' F' R' L' U B2 U F2 D R2 U' F2 D' R2 U F Rw2,2021-01-14 16:59:08,9,10,6,0,1,1,0,0,0
29362,20.53,F U2 B R2 D2 F' R2 F D2 U2 F2 R' D' B' R2 B2 R' D R Fw Uw,2021-01-14 16:59:38,10,12,8,0,0,0,0,1,1
29364,20.53,D' F U' L2 D' R2 U R2 F2 U' R2 U L R F' D' B2 D U2 R Rw2 Uw',2021-01-14 17:01:31,10,10,8,1,0,0,0,0,1
29365,17.63,L F L2 R2 F2 U' R2 D2 U' R2 B2 D' L' R' U2 F D' B D' Fw,2021-01-14 17:02:03,10,10,6,2,0,1,1,2,0
29367,18.91,R2 D' R2 B2 L2 F2 U2 F2 R2 D F2 D' B F R' B' L2 B L D F' Rw2 Uw,2021-01-14 17:03:21,8,10,6,0,0,1,2,0,1
29368,21.81,U R D' F L' F U2 R' B F2 R2 B2 R2 D' F2 R2 U L2 D Fw',2021-01-14 17:04:04,9,10,6,0,1,1,0,0,0
29372,22.11,D' L2 U' R2 U L2 B2 L2 B2 U2 L2 F' L' D2 B F L F' D R2 Fw' Uw2,2021-01-14 17:06:46,12,11,7,1,1,0,0,1,1
29374,22.43,B' U2 R2 B U2 B2 L2 R2 U2 F2 L' D L' R2 F' D L' F D' Fw' Uw',2021-01-14 17:08:25,11,10,6,1,2,1,0,1,1
29375,20.05,L2 U' F2 R2 U2 B2 D2 U' L2 R2 B R' D' R2 B R2 U' L2 B2 R' Fw' Uw',2021-01-14 17:09:21,9,12,6,0,0,1,1,2,0
29376,21.03,U' R F L F2 L' B D R' U2 F D2 B U2 D2 B2 L2 U2 B R2 Rw Uw,2021-01-14 17:09:54,11,13,7,0,0,0,1,2,1
29379,17.53,U L F B U B L F U2 B2 U2 D2 R2 D2 F' B2 R2 B R2 U' L Rw Uw',2021-01-14 17:11:47,9,10,6,0,1,1,0,0,0
29380,22.7,R2 U2 F2 L2 F2 R2 D2 R F2 D2 B2 F U R F2 U B' U R2 B2 Rw Uw,2021-01-14 17:12:23,10,11,7,0,0,0,1,0,1
29382,21.08,B' L' R2 F' D2 R2 F2 R2 B2 D2 B U2 L2 D2 U R U L' F' L' D2 Fw' Uw2,2021-01-14 17:13:50,10,11,7,0,0,0,1,0,1
29384,23.12,U2 B2 U L2 D2 B2 L2 D' B2 U2 L2 F' L' D R D2 B2 L' F2 D F Fw Uw2,2021-01-14 17:17:38,11,12,8,1,0,0,0,2,1
29389,23.67,U' F' B' L2 U D B U2 R' U' L2 B2 U F2 D' R2 F2 R2 B2 D F2 Rw Uw,2021-01-14 17:21:10,11,9,7,2,0,0,0,0,0
29390,20.04,D2 R U' R2 D R2 L' B R' L2 F' U2 D2 R2 B L2 B2 R2 B L2 Rw2 Uw,2021-01-14 17:21:50,9,12,6,0,0,0,1,1,0
29391,19.03,U2 R' U F R B' R' L' F B2 U2 R2 B2 D L2 U' B2 D' B2 U2 Rw2 Uw',2021-01-14 17:22:22,9,10,8,1,0,0,0,0,1
29393,23.89,F2 U R2 U' B2 U' B2 U2 F R' F2 U B D B' U' B R Uw',2021-01-14 17:23:44,10,7,7,3,0,1,0,0,0
29395,20.2,F2 L U2 D R L F' D2 L D2 F D2 R2 B L2 B2 L2 D2 R2 Rw Uw',2021-01-14 17:25:03,9,10,8,0,0,1,0,0,1
29396,19.04,B2 D2 R2 U' B2 L2 D' F2 R2 D' B R F' R2 B2 L' D' R B2 F2 Rw Uw2,2021-01-14 17:25:38,10,12,8,0,0,0,0,1,1
29397,20.65,F R U F2 D R' B' U L D2 F2 R2 L2 B D2 B' D2 L2 F2 U2 R2 Rw' Uw',2021-01-14 17:26:14,9,10,6,1,0,2,1,2,0
29399,20.97,F' L B2 U2 L2 R2 B' R2 F' D2 U2 B' D2 U2 R' D R2 F2 U2 L B' Rw2 Uw',2021-01-14 17:27:51,10,10,8,1,0,0,0,0,1
29400,17.67,F U' R' B U2 R' B2 U' F2 U2 R2 B' U2 F L2 B U2 L2 F U Rw2 Uw,2021-01-14 17:28:30,9,10,8,0,0,1,0,0,1
29402,21.44,L2 F2 D R2 U2 F2 D' F2 U2 L' F' D2 L B' D2 B L' U2 Rw' Uw,2021-01-14 17:29:59,11,12,8,0,1,1,0,2,2
29403,20.29,L B2 U' F2 U L2 B2 F2 D2 F2 L2 U' B' D' B2 D' F R' B U Rw,2021-01-14 17:30:37,11,10,6,1,2,1,0,1,1
29404,17.83,B2 L' R' D2 L D2 U2 B2 U2 R' B2 F L U2 L D B' R' U2 F' U Rw' Uw',2021-01-14 17:31:10,9,10,8,0,0,1,0,0,1
29407,21.21,D2 B D2 R' F2 U2 R' B2 L2 U2 R D2 L' B U' F' R2 F' D F Fw Uw',2021-01-14 17:33:25,11,11,9,0,0,0,0,0,2
29408,19.4,D2 F2 U' F2 U' B2 F2 U' R2 U2 L2 F' L' D' R2 F' R' U2 F U2 L' Fw Uw2,2021-01-14 17:34:04,10,9,7,1,0,1,0,0,0
29409,18.66,L2 F2 R2 B2 D' U' B2 U' R2 D2 B' D L2 U2 R B2 F2 U F Rw2 Uw,2021-01-14 17:36:28,10,11,7,0,0,2,0,2,0
29413,21.5,U2 F2 R2 D2 F L2 B' U2 R2 F2 L2 R U R2 B2 D F' L' D R Fw Uw',2021-01-14 17:44:01,10,11,7,0,0,0,1,0,1
29415,23.06,U B L2 U L B' D U2 F U2 F L2 U2 F' B' L2 B' U' R Rw Uw,2021-01-14 17:47:09,12,11,9,1,0,0,0,1,2
29417,19.74,L' D R2 B2 R' D2 R B2 L' U2 L2 F2 U2 B R' B' D F' L' U2 Fw',2021-01-14 17:49:40,10,12,8,0,0,0,0,1,1
29420,20.32,R F' B2 R' D2 R' F2 U2 R2 U2 L F2 R2 U F' L B R U2 R' Rw2 Uw',2021-01-14 17:52:09,10,12,6,0,1,0,0,1,0
29422,19.29,L2 F2 U B U' L2 D R U2 R' B2 R F2 R' U2 L2 D2 R Rw2,2021-01-14 17:53:56,11,11,5,0,2,1,1,1,1
29430,22.64,U' F' R' F' L' D L2 F' U2 F D2 F2 U2 B' D2 F R2 D F2 Rw' Uw',2021-01-14 18:00:33,11,11,7,0,1,0,0,0,1
29438,21.05,R' D2 B2 L' F2 U2 R' B2 L2 B2 D2 F D F2 L' U L' R' F' D L2 Rw Uw,2021-01-15 16:48:03,11,13,7,0,0,1,1,3,1
29443,25.56,R2 F' R2 F' R2 D2 R2 B' D2 B' D2 B' D L F U2 B' D' L2 R2 Rw2 Uw',2021-01-15 16:51:23,11,11,9,0,0,0,0,0,2
29445,20.87,U' F2 D B2 F2 D' B2 R2 B2 L2 F2 D2 L' R2 D' B R' F D B U2 Fw',2021-01-15 16:52:49,11,11,5,0,2,0,1,0,1
29446,21.98,R' U F U' D B L' F2 U L2 F2 L2 U2 R2 U R2 D' L2 D' R' U2 Rw' Uw',2021-01-15 16:53:23,10,12,8,0,0,0,0,1,1
29447,21.86,D2 B' L' U R2 B2 R B R' U2 L' D2 L2 F2 R2 F2 D2 B2 R2 D' Rw Uw,2021-01-15 16:53:57,10,10,6,1,1,1,0,1,0
29448,22.9,B' D2 F R2 D2 B2 U2 L B2 U2 L2 B2 U2 R2 B' D' F' L' U' F' R Fw' Uw,2021-01-15 16:54:34,11,10,8,2,0,0,0,1,1
29450,24.94,F R2 U2 F' L2 U2 B F2 L2 R2 F' D R' F' L2 F D' B2 L' B U' Fw' Uw,2021-01-15 16:55:48,12,14,6,0,2,0,0,3,1
29451,19.97,F2 L' B2 L' U2 R B2 R' D2 B2 L2 B' D2 R D' U R' F' U Rw2 Uw2,2021-01-15 16:56:37,10,11,7,0,0,0,0,0,0
29454,22.95,R' F R2 B2 U2 R D F' R B R2 U2 R2 U2 B' D2 B D2 F Uw,2021-01-15 17:00:30,11,11,7,0,1,0,0,0,1
29455,24.05,L' D' B U2 R2 F U2 L2 B' D2 L2 R2 F2 U' F' R2 F2 D' L F2 Uw,2021-01-15 17:01:03,11,10,6,1,2,1,0,1,1
29457,23.57,B2 R2 B2 R' U2 R' U2 F2 D2 R2 U2 F U B L2 R' U2 R2 U' F' R' Fw,2021-01-15 17:02:27,10,12,6,0,1,1,1,2,1
29458,22.48,B' R2 U' B2 D2 F2 U B2 D' F2 U2 B L R' F' R' B R U' Rw Uw2,2021-01-15 17:03:01,11,11,5,1,1,0,2,1,1
29462,22.05,L2 R2 D2 B2 U' R2 D F2 D R2 D2 L2 B U B' U' R B F R Uw2,2021-01-16 18:49:46,10,9,7,1,1,2,0,1,1
29465,21.56,B R2 B2 L' D2 B2 D2 R2 B2 L' R U2 F U L' F' L2 U2 L' R2 Fw Uw,2021-01-16 18:53:21,10,9,7,1,0,1,0,0,0
29466,23.67,D2 B' D' U L2 R2 U' B2 D R2 F U' L' D' B2 F R' B Rw2 Uw2,2021-01-16 18:54:21,10,12,8,0,0,0,0,1,1
29467,24.6,F2 L2 U L2 D' F2 L2 U' F2 D2 U' B U' L R2 B2 D U2 L2 B' R' Rw2 Uw',2021-01-16 18:55:06,11,9,7,2,1,1,0,1,1
29475,19.43,F D2 F L2 D2 R2 D2 U2 F' R2 B' F' L' U2 R' F D' F' D L' U' Fw,2021-01-17 13:32:24,10,12,8,0,0,0,0,1,1
29481,21.56,D2 B L B2 D' R' F' B D F2 L F2 R2 B2 U2 R L' U2 R2 D2 B2 Fw',2021-01-17 13:40:34,11,13,7,0,0,0,0,2,0
29482,19.85,D2 R' B L' U B2 R' D' F' U2 L2 D2 R' U2 B2 L U2 R' U2 R' Rw Uw2,2021-01-17 13:41:40,8,10,6,1,0,0,2,0,1
29484,22.27,D R2 F L2 B2 L' U B' F2 U2 B2 R U2 R2 F2 R' F2 D2 R2 Rw' Uw2,2021-01-17 13:43:28,10,12,6,0,1,0,0,1,0
29485,23.9,U2 L' F' U2 L' F' U2 D L D' F2 R2 B2 D' R2 U D2 B2 D' Fw',2021-01-17 13:44:04,11,13,7,0,0,0,1,2,1
29487,21.87,B' L2 U2 B R2 B' U2 R2 D2 R2 B' D2 U F2 D' B' R F' U2 R B2 Rw,2021-01-17 13:45:44,10,11,5,1,1,0,1,1,0
29496,18.98,D B' L' U' B' U' F R' F2 U2 R F2 R' D2 L' U2 L B2 U2 D Rw2 Uw',2021-01-17 13:54:09,11,12,6,0,2,1,0,2,1
29497,23.86,U2 R2 U2 F2 R2 F' U2 F' L2 R2 F R' B' U R' B2 D2 L' F' U2 R' Fw' Uw2,2021-01-17 13:54:44,11,11,9,0,0,1,0,1,2
29498,19.36,R' D' B D2 L' U' F D' L F2 U L2 U' L2 U' R2 U2 L2 B2 U2 Fw Uw',2021-01-17 13:55:36,10,11,7,0,0,0,1,0,1
29500,23.25,D2 U L2 U L2 F2 D2 L2 U2 R2 B2 R F R' D2 U' F L B2 D,2021-01-17 13:56:49,12,13,7,0,1,0,0,2,1
29501,23.86,F2 B R' F2 D' R' F2 U F R2 U R2 U' L2 U D' R2 U2 B2 L2 Rw2 Uw2,2021-01-17 13:57:26,10,12,8,0,0,0,0,1,1
29505,20.69,F2 L2 R D2 B2 F2 R2 U2 B2 D2 L B2 U B D U L' F R2 B' Fw' Uw2,2021-01-17 14:15:22,10,12,8,0,0,0,0,1,1
29506,21.06,L2 D' L' F2 D R2 D F2 L2 U R2 U B2 D' B L' R2 B2 R D' F' Uw2,2021-01-17 14:16:10,11,12,8,1,0,0,0,2,1
29512,25.78,U' L' D R L' F U' B2 D2 R2 B R2 U2 F' D2 B' R2 B U L Fw Uw',2021-01-17 21:10:25,10,11,7,0,0,1,1,1,1
29513,24.45,R B' R2 D' R F B' U2 L D' R2 U R2 D2 R2 B2 R2 U' R2 B2 Rw' Uw,2021-01-17 21:11:04,10,10,8,0,1,1,0,0,2
29517,21.9,F2 U2 L2 F2 R' B2 F2 D2 L U2 B2 L' F D L B L2 B D2 B2 F2 Rw' Uw',2021-01-18 14:00:26,11,12,6,0,2,0,0,1,1
29518,24.77,F2 L' B L2 B2 D2 L' D R U2 L' D2 F2 B2 R' U2 R B2 L U2 F' Fw' Uw2,2021-01-18 14:01:05,12,13,9,0,0,0,0,2,2
29519,20.51,L2 U L2 F2 U' B2 F2 U L2 D2 F2 L' B2 U' B R B2 L F' D2 Uw',2021-01-18 14:02:05,10,12,8,0,0,0,0,1,1
29522,22.18,D B2 L2 D B2 D U B2 L2 B2 U' R' U' B' L2 U F R2 B' L R' Rw Uw,2021-01-18 14:04:45,10,11,7,0,0,1,0,1,0
29523,19.72,F D2 L' R2 U' B2 D2 U B2 U' F2 R2 U L2 F R F' L' F D U2 Fw Uw',2021-01-18 14:05:24,10,12,6,0,1,0,1,1,1
29524,23.19,U B R' L U B R2 D' B2 U2 F' L2 B R2 F D2 B R2 U2 L2 R' Fw' Uw2,2021-01-18 14:05:55,12,11,5,0,3,1,0,1,1
29526,17.6,D' F2 U L2 U L2 B2 D L2 F2 R2 B D2 B2 L F R' D R D' B Rw' Uw',2021-01-18 14:07:14,10,12,8,0,0,1,0,2,1
29527,21.51,D2 L' D2 B2 L2 U2 R2 U2 B D2 U2 B F2 R2 L U' R2 U B' L2 F2 Rw' Uw',2021-01-18 14:07:43,12,11,9,1,0,0,0,1,2
29528,20.89,B R F' R2 D2 B2 D' B2 R2 B2 U F2 D2 R2 B R2 F' R B F' L2 Rw2 Uw2,2021-01-18 14:08:16,10,12,8,0,0,0,0,1,1
29531,21.89,B' L2 F' R B R2 L' U F2 L2 D2 F' L2 B L2 B2 U2 D2 L2 D2 Uw,2021-01-18 14:10:41,11,11,7,1,0,1,0,2,0
29533,21.85,F2 L2 U F' D2 R2 B D2 R2 U2 B U2 B F' D' U' R' F R2 B' L' Fw Uw,2021-01-18 14:11:54,11,10,8,2,0,0,0,1,1
29552,19.24,F' L' B U B2 L2 F2 U' L2 U2 R2 B2 U2 F2 B' R' B U' L R U',2021-01-18 22:45:35,10,12,8,0,0,0,0,1,1
29557,22.07,F2 L2 F R U' B' D' R F D2 L' U2 D2 F2 R2 U2 B2 R' U2 Rw' Uw',2021-01-18 22:48:43,11,11,7,1,0,1,1,2,1
29558,21.63,F' R F L2 B L2 F' L2 D2 B L2 B' R' B D2 B2 U B U' Fw' Uw,2021-01-18 22:49:16,10,12,8,0,0,0,0,1,1
29562,19.88,R' D' F R U F2 B' U2 L2 D' R2 U F2 D R2 U L2 U' R2 L' Uw,2021-01-18 22:52:23,10,9,7,2,0,0,0,0,0
29564,24.12,U2 L' F2 D2 L2 R' F2 U2 R' B2 U2 B2 F' D U2 B2 R' F' D' U2 B' Fw Uw',2021-01-18 22:53:42,12,11,9,1,0,0,0,1,2
29566,29.56,D B2 R2 U' R2 D' R2 U L2 B2 R2 B' R2 F2 D F2 L' U' R2 B2 F2 Uw2,2021-01-18 22:55:24,11,10,8,1,1,2,0,2,2
29568,20.89,F2 U F U2 R2 D2 F2 D2 F' R2 B D2 B' U R B2 U' F2 D U' Rw,2021-01-19 13:55:45,10,9,9,0,0,2,0,0,2
29574,24.76,D2 F' L2 U' F2 L2 U B2 F2 U L2 F' L U2 F U' R2 D Fw,2021-01-19 14:00:43,11,12,6,1,1,0,1,2,1
29575,20.06,F2 D R2 L' B2 U' R' D B L B2 R' D2 L D2 L B2 D2 R Rw',2021-01-19 14:01:24,10,12,8,0,0,1,0,2,1
29576,21.28,R2 F' B' D2 B U2 R' U' F' R2 U2 L2 F' L2 F2 D2 F' D2 B D' Rw Uw,2021-01-19 14:01:54,10,12,6,0,1,1,0,2,0
29578,23.99,L D R2 U2 B R2 F R' U2 F B' L2 B' R2 U2 R2 D2 R2 F L2 D Uw',2021-01-19 14:03:15,11,11,7,0,1,0,0,0,1
29580,19.85,R U' F U F' D' B' U L R2 U2 R2 U' L2 U B2 U B2 U2 B2 R2 Rw2 Uw,2021-01-19 14:05:00,11,11,7,0,1,0,0,0,1
29582,21.02,R2 U' R2 U B2 D R2 D' R2 D2 R2 B D' F' L2 U' L U' B D2,2021-01-19 14:06:17,11,11,9,0,0,1,0,1,2
29586,22.45,U' L D2 F2 L R2 D2 B2 L' B2 U2 R' F2 U' L U' L' F' D' R Uw2,2021-01-19 14:09:25,10,12,6,1,1,0,0,2,0
29587,20.57,B2 L2 U2 F2 L' F2 D2 R' F2 L2 F2 U2 B D L' R' B2 L R2 F D Fw Uw',2021-01-19 14:10:00,10,11,7,0,0,1,0,1,0
29588,19.17,R' L2 B2 U' F2 D F2 L2 D' F2 D2 U' B R D' B2 U2 R' U L' R2 Rw' Uw2,2021-01-19 14:10:45,10,12,4,0,2,1,1,2,0
29589,22.31,U R U L' U2 L F' D R B2 D2 R2 F2 L U2 B2 R2 D2 L D F' Uw,2021-01-19 14:11:32,11,11,9,1,0,0,0,1,2
29590,21.4,U2 L2 D2 B2 F D2 B2 R2 F L2 F' R D U2 F R F' R2 F U Rw' Uw,2021-01-19 14:12:05,9,12,4,0,1,0,3,1,1
29591,22.09,R' D L2 D2 F2 D L2 U2 F2 R2 U' B2 U F L B R' U B F2 R,2021-01-19 14:12:43,11,14,6,0,1,0,0,3,0
29593,21.61,F2 D' R2 D2 F2 U2 F2 R2 U' B2 D' F' L' D R' B R' D U R2 Rw',2021-01-19 14:14:42,10,12,6,0,1,0,0,1,0
29594,18.89,F2 L' F' U2 B2 R D' R' U D2 F U2 D2 F B' D2 L2 B2 R2 F Rw' Uw2,2021-01-19 14:15:14,10,11,5,0,1,0,1,0,0
29595,24.06,R2 D' B2 R2 U B2 L2 D' U' L2 B' D R2 B' U L' D L2 F2 R' Rw2 Uw2,2021-01-19 14:15:43,12,13,7,0,1,1,0,3,1
29597,20.75,U2 F R2 U' D B U' R2 L F2 L' D2 R F2 L' D2 F2 L' F D Rw2 Uw,2021-01-19 14:17:05,11,11,7,0,1,1,0,1,1
29599,18.86,B' R2 U' B2 U' B2 F2 U2 F2 R2 U F2 B D2 L' D2 B U B' L' Rw' Uw2,2021-01-19 14:18:18,9,9,7,0,0,4,0,2,0
29600,20.98,B2 U' F L U' L F' L' B R2 U2 L2 D2 F2 U2 F' D2 R2 L Rw2 Uw2,2021-01-19 14:19:07,10,12,8,0,0,1,0,2,1
29601,23.44,B U2 B D2 L2 F' R2 F' L2 R2 U2 F2 L D R2 B' D2 R D F D Rw Uw',2021-01-19 14:19:39,12,11,7,1,1,0,0,1,1
29603,17.09,B' F2 D' F2 R2 F2 L2 F2 D' U2 B2 D' R' U' L B' L D L R2 U2 Rw2 Uw,2021-01-19 14:21:05,9,10,6,1,0,1,1,1,0
29604,21.27,F L D' R2 B2 L2 B L2 D2 F2 R2 D2 R2 B' D' U2 L U' L2 B Rw Uw',2021-01-19 14:21:35,10,11,7,0,0,1,0,1,0
29607,21.67,L2 R2 D2 F' L2 F' U2 F' L2 B F2 U B2 U' R' B' F2 D R2 F' Fw Uw,2021-01-19 14:23:54,11,10,8,1,1,0,0,0,2
29612,22.98,D' R F2 U B' L' F' R2 L2 U2 D L2 F2 D' L2 U R2 U2 F2 B' L Uw',2021-01-19 14:27:17,11,12,6,0,2,0,0,1,1
29619,20.68,F U' L2 F L2 B2 R2 D2 B2 U2 B' L2 D L' D U' L R' B' F' Rw Uw,2021-01-19 14:32:18,10,10,8,1,0,1,0,1,1
29620,19.1,F' B U2 L' D' R' U' F2 D2 F2 B U2 F U2 D2 F' D2 L Rw2,2021-01-19 14:32:51,10,12,8,0,0,0,0,1,1
29621,21.52,F D' R B2 L2 B' U2 B2 L2 D2 F D2 R2 F' U L B L' R B2 F2 Rw',2021-01-19 14:33:48,10,12,6,0,1,0,0,1,0
29624,22.33,U' L2 F D2 F' R2 B' L2 B F L2 U2 F L D2 U' R U' R2 U Fw Uw',2021-01-19 14:36:00,10,12,6,0,1,0,0,1,0
29627,18.47,D B2 U D F' D2 F' L' U' R2 L2 B2 L2 D' L2 D R2 L2 D F2 Uw2,2021-01-19 14:38:38,9,10,8,0,0,1,0,0,1
29628,21.22,D' B2 R2 U L2 U2 B2 F2 D' U' F U R' U2 B' F R B2 F' D2 Rw Uw',2021-01-19 14:39:33,11,11,9,0,0,1,0,1,2
29630,19.69,F' R' F2 U2 L D2 L' F2 U2 R F2 D2 F2 D' R B F2 D' F' R' B' Fw',2021-01-19 14:41:12,10,9,7,1,0,2,0,1,0
29631,20.19,R2 D' R' L2 B2 U F D2 B2 R' D2 F2 L U2 F2 R' B2 R' D L Rw2 Uw',2021-01-19 14:41:45,10,11,5,1,0,0,2,1,0
29632,22.07,U' F2 D' L2 U R2 B2 U2 L2 B2 U L' B' F' U2 F' D' F' L' F2 L2,2021-01-19 14:42:16,11,13,7,0,0,0,2,2,2
29633,20.24,B' R B' R2 D' B' L' D L2 F2 D2 F D2 B' R2 B L2 B' U2 L2 D' Fw Uw2,2021-01-19 14:42:51,11,9,7,1,1,2,0,1,1
29634,20.24,B' R2 L D B2 D' B R' D2 L' B2 R F2 L' B2 R2 D2 F L Rw' Uw2,2021-01-19 14:43:28,10,12,8,0,0,0,0,1,1
29639,19.59,L' F2 D R' U2 L2 R' D2 R' D2 F2 L2 F R' U L B' L2 D' Rw Uw',2021-01-19 14:47:05,10,11,7,0,0,0,1,0,1
29640,19.88,F' L D2 F U R' U R2 F2 U2 L2 U2 L2 D2 B' L2 F' L2 B' L Rw' Uw2,2021-01-19 14:47:51,10,11,9,0,0,1,0,1,2
29642,19.72,F D2 U2 F L2 U2 F2 R2 B' L2 U2 B2 L' B R' D2 L2 D F2 R' F' Uw,2021-01-19 14:49:14,11,12,6,0,2,1,0,2,1
29643,20.93,U' L2 F B' R U2 D2 B R' L2 D F2 B2 U2 B2 U B2 U' B2 D' Rw Uw,2021-01-19 14:49:47,10,10,8,2,0,1,0,2,1
29644,20.01,U R2 B2 R2 D' U2 B2 D' B D' F L' B L2 B' F' L2 U Rw Uw,2021-01-19 14:50:19,11,13,7,0,0,0,0,2,0
29645,20.0,U' L2 U F2 L2 U R2 D U2 L2 B2 U' R D2 U' F' L' F2 L' D' Rw,2021-01-19 14:50:50,10,12,8,0,0,0,0,1,1
29647,19.08,L' D R F B L U' R F2 D' R2 U2 L2 D L2 U R2 F2 L2 R Fw,2021-01-19 14:52:25,10,11,7,0,0,1,0,1,0
29650,22.56,U R' U2 R2 U2 L2 D R2 U' L2 B2 U R2 F' L B' L' R2 U F' R2 Fw Uw',2021-01-19 14:54:18,11,11,9,0,0,0,0,0,2
29656,20.21,U L2 B2 D2 B2 D' R2 B2 U B2 R' D' R2 F' D' L B U L2 B Rw2 Uw,2021-01-19 14:58:43,11,10,8,2,0,0,0,1,1
29658,21.86,D2 F2 D B2 U' B2 R2 F2 L2 U L2 U' B' L R' U' R B D B' F' Rw,2021-01-19 14:59:53,10,10,6,2,0,0,1,1,0
29659,23.14,R2 B2 R2 F2 R2 B D2 B' U2 B U2 F2 U' R' D' R' D2 L2 B2 Rw2 Uw2,2021-01-19 15:00:26,10,11,7,0,0,1,1,1,1
29664,23.24,F2 U F2 R2 U2 B2 L F2 L2 D2 R' D2 F2 R D' R' B' F U L' R Uw',2021-01-19 15:04:07,11,10,6,2,1,0,1,1,1
29668,19.38,R D' F2 U B2 U L2 B2 U2 B2 U' L2 B' U L' F D' B L U' R2 Uw,2021-01-20 13:22:35,9,10,6,1,0,0,2,0,1
29669,21.1,R' B2 U' B2 U2 L2 U L2 D R2 U F2 L' B' R' F' D2 B U' L' Fw' Uw,2021-01-20 13:23:15,11,12,8,0,1,0,0,1,2
29673,20.96,R2 L' B L U F L' D2 B' F2 U' B2 U' L2 D L2 U2 R2 Uw,2021-01-20 13:25:57,10,11,7,0,0,0,0,0,0
29674,20.97,L R2 F' D2 L2 U2 R2 F' L2 F' R2 F L U' B2 U' F U2 B' L2 Rw' Uw2,2021-01-20 13:26:38,11,13,5,0,1,0,1,2,0
29675,22.29,F' R' L2 F U' D L2 B U B2 D L2 U R2 B2 D F2 R2 U' R Rw' Uw2,2021-01-20 13:27:10,11,11,7,0,1,1,0,1,1
29678,24.09,L' F' D L2 U' R2 D' B2 L2 D2 L2 F2 L' U' F' D B2 R D2 R2 Fw Uw',2021-01-20 13:29:40,11,12,6,1,1,0,0,2,0
29683,23.74,D2 L F D2 B' F2 D2 L2 B R2 U2 R2 F U2 D' L B U2 F2 U2 F',2021-01-20 13:33:26,11,11,7,1,0,0,1,1,1
29689,19.82,L' F L2 R2 B2 D' L2 F2 D' L2 U F2 U B' U L' U B2 D B2 Rw',2021-01-20 13:37:41,11,12,6,0,2,1,0,2,1
29692,20.38,F' D' L2 B U F R B2 D2 L2 F D2 B D2 R2 L2 B U2 D L2 Rw2 Uw2,2021-01-20 13:39:32,10,12,8,0,0,1,0,2,1
29693,19.57,B' D2 R' B2 U2 L D2 L' U2 B2 D2 B2 L D' B' D' U2 R U B2 Rw Uw,2021-01-20 13:40:04,12,12,10,1,0,0,0,2,3
29694,22.67,D2 L B R2 U' L2 U2 L2 B2 U' F2 D R2 U' R F2 D2 L' D U2 B2 Rw',2021-01-20 13:40:34,11,12,8,0,1,1,0,2,2
29695,21.45,D2 F2 U2 R2 U L2 F2 L2 R2 D F2 B D2 R' F' U2 F2 L D' F2 R Fw' Uw,2021-01-20 13:41:10,11,12,8,1,0,0,1,2,2
29697,20.99,R2 B2 U L2 F2 U B2 D' U2 L2 B D2 R U' F D' U' B U2 F2 Rw' Uw2,2021-01-20 13:42:17,11,11,7,1,0,1,0,2,0
29698,21.19,F2 R2 F2 D' L2 D' F2 D2 L2 D' L2 D L B' R' D' U2 F R U L Rw' Uw',2021-01-20 13:42:49,10,8,8,2,0,2,1,1,2
29699,20.91,D L2 R2 B2 U' B2 D B2 D B2 U R' F' U' R' B' F' R U' F2 L Uw2,2021-01-20 13:43:20,11,12,8,1,0,0,0,2,1
29700,25.09,R2 F' D2 B L2 B2 R2 F L2 B U2 F R' D' R2 B L' U R' D R Rw Uw2,2021-01-20 13:43:53,11,12,8,1,0,0,0,2,1
29701,17.74,R2 D' F2 D F2 U F2 L2 U2 F2 R2 F R B D' B' D L2 Rw' Uw',2021-01-20 13:44:34,9,9,5,0,1,2,2,0,1
29704,21.95,R' F2 B U D2 R F B2 D F2 U2 D B2 U L2 U2 F2 R2 B2 F' L Rw Uw',2021-01-20 13:46:47,10,10,6,2,1,0,0,1,0
29710,19.92,F2 L U F R2 U2 L B2 D R F' D2 R2 F L2 B R2 D2 B' D2 B' Fw' Uw',2021-01-20 13:51:04,9,9,7,0,0,2,0,0,0
29714,20.13,U2 L2 F2 R2 F' U2 F' U2 R2 U2 R' B U2 F D2 U' R' B F2 U' Uw',2021-01-20 13:54:00,10,12,6,0,1,0,0,1,0
29715,23.84,R' F2 R2 F2 U2 F' L2 D2 B' U2 R2 L F' U2 R2 B' L' D' B2 Rw Uw2,2021-01-20 13:54:31,11,11,7,0,1,0,0,0,1
29717,22.57,F U' R2 U' R2 U' L2 U' B2 D' R2 U' F U2 L' F' R2 U2 F L' Rw2,2021-01-20 13:55:58,10,12,6,0,1,0,0,1,0
29724,22.81,U L2 D' F D2 R D' F' R L2 B2 L' D2 L' U2 R' D2 F2 L' U2 F Fw,2021-01-20 14:01:29,11,11,5,0,2,0,1,0,1
29725,21.06,F U2 L2 U2 R2 F D2 U2 F' R2 B2 U2 D R D U2 F2 U' B D' B2 Fw Uw2,2021-01-20 14:02:04,10,12,8,0,0,0,0,1,1
29726,20.62,L B2 F2 D L2 D2 F2 L2 B2 U F2 U' B' L' U2 R F R2 F Fw',2021-01-20 14:02:36,10,12,6,0,1,0,0,1,0
29727,19.94,R U2 F' U2 B2 U' B L' D2 L F2 R D2 B2 R2 F2 R U2 D B2 Rw2 Uw',2021-01-20 14:03:09,9,12,6,0,0,0,1,1,0
29732,22.4,B2 R2 U2 R' B2 D2 R' B2 R F2 U2 R D' B2 R' B L2 D' L R' Rw Uw2,2021-01-20 14:08:11,11,13,7,0,0,0,0,2,0
29733,22.09,R L2 U' B' D R2 B2 D' F D2 R' D2 L2 B2 R U2 F2 D2 B2 R' U2 Rw2 Uw,2021-01-20 14:08:46,10,12,8,0,0,1,0,2,1
29734,18.68,B2 L2 F' B D L' F' R' F2 L2 U2 R D2 L D2 B2 L' D B' Rw,2021-01-20 14:09:17,9,12,6,0,0,0,1,1,0
29736,18.09,B2 D2 U' F2 D L2 D' L2 U2 B2 R B' F2 L2 D L2 B R2 F2 Rw2 Uw',2021-01-20 14:10:22,10,12,8,0,0,0,0,1,1
29739,19.02,F U2 B' U2 F L2 D2 F' R2 F R2 U2 R' D' L B' L2 B D L' Rw' Uw,2021-01-20 14:12:58,10,12,6,0,1,0,1,1,1
29741,21.35,B L2 B' R D' B2 U' R' B' U' F2 R2 U D R2 L2 B2 D' R2 Rw Uw,2021-01-20 14:14:10,10,9,7,2,0,1,0,1,0
29743,23.02,B' D R2 F' R D2 B U' R L2 F R2 F U2 D2 B' R2 B L2 Uw,2021-01-20 14:15:34,11,12,10,0,0,0,0,1,3
29744,19.42,R F2 R2 D2 L' U2 R' F2 U2 B2 F D2 R F' U' L' F' R' F Uw,2021-01-20 14:16:09,10,12,8,0,0,0,0,1,1
29745,23.02,D2 R2 B F2 D2 U2 R2 U2 B2 U2 F L D2 F' U F2 L' R' B2 R' Fw' Uw',2021-01-20 14:16:41,11,12,6,0,2,1,0,2,1
29746,19.9,L2 F' L2 U2 F2 U L2 U' L2 U F2 U' R2 F L F L2 R' U' R' Fw' Uw',2021-01-20 14:17:22,11,11,7,0,1,1,1,1,2
29747,22.46,F' R' B2 U2 F2 U2 R2 B' U2 F2 R2 U2 D F D2 R U' F' D2 R Rw,2021-01-20 14:17:56,10,12,8,0,0,0,1,1,2
29748,22.19,U F' U2 B2 L' B2 D' B' U2 F' U2 R2 F D2 R2 L2 F' R2 B' R U' Rw' Uw2,2021-01-20 14:18:31,10,10,8,1,0,0,0,0,1
29749,19.22,B2 L U2 D B2 R2 F' R' U2 F U2 L2 F2 B U2 B D2 L2 B2 Uw2,2021-01-20 14:19:35,10,11,7,0,0,1,0,1,0
29751,21.83,L B R2 D' R2 U F2 L2 R2 D' B2 U F2 U L' B F' R2 U L' F2 Fw Uw,2021-01-20 14:21:17,11,12,6,0,2,0,0,1,1
29752,21.95,L2 B2 D2 F' L2 F U2 L2 R2 B' R2 F2 R' U' F' D B2 R' D U F2 Uw',2021-01-20 14:21:55,11,11,5,1,1,0,1,1,0
29753,25.26,R' F' U' F2 D2 B' L2 U2 R2 F L2 R2 B D2 L' D' B' F' D U2 F' Rw' Uw,2021-01-20 14:22:42,10,12,8,0,0,0,0,1,1
29754,22.12,F' R B2 D2 U2 L' F2 D2 L D2 L' R B L' D' U2 B L' R Fw Uw',2021-01-20 14:23:50,10,12,8,0,0,0,0,1,1
29756,22.3,R2 F D' B2 R L F D R B2 R L2 B2 L' B2 R F2 R F2 B' Rw Uw',2021-01-20 14:25:48,10,12,6,1,0,0,1,2,0
29757,18.66,R L2 D' F' B' U2 R D' U2 F R2 L2 B2 L2 B' L2 U2 F2 U2 F R Fw' Uw2,2021-01-20 14:26:22,10,11,7,0,0,1,0,1,0
29758,20.39,B U2 L' B2 R F2 U2 L B2 R U2 L' B' F' D' B' R' U F' L Fw Uw',2021-01-20 14:26:51,10,8,6,2,1,1,0,0,0
29759,25.35,F U' D2 L2 B' U2 B' R2 D2 F2 U2 B L2 R' U' F' R U' L B Fw Uw2,2021-01-20 14:27:24,12,11,7,1,1,0,0,1,1
29761,23.32,F R B2 L F' L2 B' F2 U' L2 U' R2 U2 R2 U B2 U' B2 D2 Rw2,2021-01-20 14:28:37,12,13,9,0,0,0,0,2,2
29762,24.47,L2 F2 L2 D2 R2 D2 F2 D' L2 U L2 F D L' F2 R D' R' B2 D2 L Rw' Uw2,2021-01-20 14:29:41,11,14,8,0,0,0,0,3,1
29763,20.32,B U' R2 B2 L2 U2 L2 D U2 B2 U' R' U F' D' U2 R2 B U2 B2 Rw' Uw2,2021-01-20 14:30:17,10,10,8,1,0,1,0,1,1
29764,19.38,L2 F' L' F2 B' U D2 R' B2 D2 L2 F D2 L2 F U2 F R2 U2 Rw Uw,2021-01-20 14:30:51,9,10,8,0,0,1,0,0,1
29765,22.79,R2 B2 R2 F2 U B2 R2 U2 R2 D F2 R' D L' F' R' B' L2 R U F2 Rw' Uw',2021-01-20 14:31:28,12,10,6,3,1,0,1,2,1
29766,19.89,D R' D2 B2 D2 L' F2 L' R2 D2 F' R2 F' D' U R B' L2 Rw' Uw',2021-01-20 14:32:02,12,10,6,2,2,0,1,1,2
29767,20.87,F' U2 L2 F L2 R2 F D2 R2 U2 R2 D L' R' B' F D' L' F D Rw,2021-01-20 14:33:37,11,11,7,1,0,0,1,1,1
29769,23.2,D2 L' F2 U' B2 R D L D' F' R2 D2 F2 D2 L2 F B U2 F' Rw2 Uw',2021-01-20 22:17:40,11,9,5,1,2,1,0,0,0
29772,22.63,U2 L D B2 U F' R' F2 D2 R2 F2 D2 B2 D F2 B2 L2 U R' U2 Rw Uw2,2021-01-21 12:55:01,10,11,7,0,0,1,0,1,0
29781,20.67,R2 U' R2 U2 D R2 B2 L' F R2 U2 R2 U2 L2 B2 L2 F' R2 B' L,2021-01-21 13:02:26,11,11,9,0,0,0,0,0,2
29783,20.25,R2 D' F2 R2 D R2 D' U2 L2 B2 L B2 F L' B' D L U B' R Rw Uw',2021-01-21 13:04:15,9,12,6,0,0,0,1,1,0
29784,19.66,L' F' R2 F2 R2 B2 D2 F2 U B2 U' L2 B2 L D2 F' D L2 B2 D' B Fw Uw2,2021-01-21 13:04:59,9,12,6,0,0,0,1,1,0
29787,18.8,F' U2 L D2 R2 F2 L2 U R2 F2 D2 L2 U' F D R' U F' D' L' Rw' Uw2,2021-01-21 13:06:59,10,12,8,0,0,0,0,1,1
29788,19.55,D' B U' R2 B2 U' B2 U' L2 U' L2 F2 U' B2 L' B D' R2 B2 F2 R' Rw,2021-01-21 13:07:28,9,12,6,0,0,0,1,1,0
29790,27.16,U' D' B D' B2 R U' L D2 B' U2 D2 F L2 F2 B U2 B R2 L' B2 Fw',2021-01-21 13:08:37,11,11,7,2,0,0,0,2,0
29792,19.38,D F' U' B' D2 R2 D L U' R2 F R2 F' R2 B' L2 F U2 D2 F' Rw' Uw,2021-01-21 13:10:05,9,12,6,0,0,0,1,1,0
29799,23.38,L' B D' F2 U2 L2 D L2 U' B2 L2 D' U' L' F U' R2 D B' F2 D2 Fw,2021-01-21 13:15:25,11,9,7,1,1,2,0,1,1
29800,23.12,D L2 B2 F2 U' F2 D2 R2 U R2 F' U B L F' R2 U B2 U2 L' Fw Uw2,2021-01-21 13:16:00,11,11,7,0,1,0,0,0,1
29801,20.71,B2 D2 B U2 F R2 F2 L2 U2 B U' B2 L2 R B' D' B R' U Uw2,2021-01-21 13:16:37,10,12,8,0,0,0,0,1,1
29802,22.91,D B' U2 F' B2 U' L D2 F U2 L2 F' U2 L2 F' L2 F' B2 L' F' Rw',2021-01-21 13:17:10,11,12,8,1,0,0,0,2,1
29803,26.22,U2 B2 U2 F R2 D2 U2 B' R2 D2 F L' D2 U2 R' D' R B' U' L U2 Rw,2021-01-21 13:17:44,12,11,5,1,3,0,0,1,1
29806,21.39,U F2 R2 D2 L2 B' U2 R2 F2 L2 B2 F' L2 R' U2 F2 R' F L F' U',2021-01-21 13:20:39,11,11,7,0,1,2,0,2,1
29807,19.54,B2 U R' F2 L D B' R' D B2 U L2 F2 R2 D' F2 U2 R2 D L2 Rw Uw',2021-01-21 13:21:27,10,12,6,0,1,0,1,1,1
29811,22.24,D F B' R' U L B2 D' L F D2 R2 D2 F B2 L2 U2 F B2 U2 Fw Uw',2021-01-22 18:11:50,11,13,7,0,0,0,0,2,0
29812,19.44,D2 L U F' L' B' D U2 R D2 R' U2 L U2 L' D2 B2 R2 B2 D R Fw,2021-01-22 18:12:26,10,9,9,0,0,3,0,1,2
29813,21.26,L2 D F2 U' F2 D B2 L2 U B2 L2 F U' B' F' U2 L' U' F' U2 F2 Fw Uw',2021-01-22 18:13:02,11,13,7,0,0,0,1,2,1
29817,20.99,D F L2 F2 U2 L2 B' D2 F2 L2 D2 F' U2 D B R U' R D2 U R' Rw2 Uw',2021-01-22 18:15:33,10,12,8,0,0,0,0,1,1
29819,23.76,B' D L' U' R2 L' B F2 D' R2 L2 B2 U2 F2 B2 U R2 U F R2 Uw,2021-01-22 18:17:12,12,13,7,0,1,1,0,3,1
29820,22.95,D2 R' D2 L2 U2 L2 B D2 U2 F R2 F' L2 D' L2 F R B' D' L2 U' Rw' Uw,2021-01-22 18:17:49,11,12,8,1,0,0,0,2,1
29821,19.11,F2 U' L2 U2 B2 U F2 U2 B2 L2 U' R' B D2 U' B' U L R D' U Rw' Uw,2021-01-22 18:18:27,10,12,6,0,1,1,0,2,0
29822,24.68,F2 R2 D' F2 D2 L2 F2 U' R2 D' R2 L' B' L D2 R2 F2 L2 R Rw2,2021-01-22 18:19:01,11,9,7,2,0,0,0,0,0
29824,21.65,L' U' F R D' F R2 F' R D2 F2 R2 B2 R2 B2 L' U2 F2 U2 F Rw,2021-01-22 18:20:25,11,11,7,1,0,0,1,1,1
29825,23.74,B' R F2 U' L2 U R2 D U2 B2 L2 U2 L' D' L' U2 B' L' D B2 Fw',2021-01-22 18:21:51,12,14,6,0,2,0,0,3,1
29826,24.57,D2 L2 D' L' F2 R' B R2 D F2 B2 U2 R' B2 R' F2 R' U2 F2 B2 Rw2 Uw,2021-01-22 18:22:35,11,11,9,1,0,0,0,1,2
29827,23.1,F' R B2 F2 R' D2 L2 D2 U2 F2 D2 L2 F' U L' D' B2 R U' F2 Uw2,2021-01-22 18:24:00,12,11,7,2,0,0,0,2,0
29828,21.07,R D2 L U2 L F2 U2 R D2 R2 B2 F L D' R' U' L U F2 Uw2,2021-01-22 18:24:33,11,11,7,1,0,0,0,1,0
29831,21.42,B L' U2 L2 B2 D' L2 D B2 D U2 L2 U R2 F' R D' B2 L' B2 F' Fw,2021-01-22 18:26:45,8,6,6,2,1,3,0,0,0
29832,20.98,L R2 D' F2 U' R2 F2 D B2 U L2 D2 B2 R D' L F' D U R U Rw2 Uw2,2021-01-22 18:27:18,12,13,7,0,1,0,0,2,1
29833,19.98,U F2 D F B U R2 F2 L' F2 U' F2 B2 R2 F2 D' L2 U F2 U R2 Rw Uw,2021-01-22 18:27:51,9,10,6,0,1,1,0,0,0
29835,21.33,F U2 R2 U2 L2 F' L2 F R2 B' U2 B2 R' U B2 L' D' B D' U F' Fw Uw2,2021-01-22 18:30:02,10,9,7,1,0,1,0,0,0
29836,20.77,B' L U2 R2 F2 L2 U2 B' F' D2 F U2 D' R' F' L' U' F D' Rw Uw',2021-01-22 18:30:38,9,12,6,0,0,0,1,1,0
29837,19.8,R' U2 F' R2 B L2 D2 B2 D2 F' U2 L2 U2 D' L R' B D' L2 F' U2 Fw' Uw',2021-01-22 18:31:09,9,10,8,0,0,1,0,0,1
29838,20.03,D2 U2 F2 R F2 R F2 R2 F2 D2 F2 U' R' D' L' B' L U2 L2 B2 Rw2 Uw',2021-01-22 18:31:42,10,9,7,0,1,2,0,0,1
29840,21.81,U F2 D' R L' B' U B2 R B2 D2 R' L2 D2 R' F2 L' F2 B' Uw,2021-01-22 18:33:01,10,10,6,1,1,2,0,2,0
29841,17.53,B2 D2 L2 R F2 R2 U2 B2 U2 R F2 R D' F' R D2 B' D F2 R U' Rw2,2021-01-22 18:33:35,9,10,8,0,0,1,0,0,1
29842,21.02,F B2 L2 B2 U B2 L2 U' B2 D U R U B L' F2 R B' F' D2 Fw',2021-01-22 18:34:16,11,11,9,0,0,1,0,1,2
29849,22.05,L' F' B2 R F U2 F U D' F' U2 B D2 B' U2 R2 L2 B D2 R2 B' Rw' Uw,2021-01-22 18:39:33,11,12,8,1,0,0,0,2,1
29853,20.69,F' U2 F' R2 F2 U2 D' R' B R2 F2 L2 B2 U' L2 D' F2 D R2 D2 Rw Uw2,2021-01-22 18:43:01,11,11,9,0,0,0,0,0,2
29857,22.18,U R F2 U2 B' L2 D2 F' D2 B F D2 L2 F D' R B' F2 D B R' Rw' Uw,2021-01-22 18:45:50,11,11,7,1,0,2,1,3,1
29858,20.65,L' U2 L2 F' U2 B L2 F' L2 F2 U2 L2 U2 L B2 R B' U B2 L' Fw Uw2,2021-01-22 18:46:22,11,10,6,0,3,2,0,1,2
29861,21.29,B2 R2 F2 U' R2 D2 B2 U' F2 U' B2 L B F U' L2 B' U2 B2 U2 Fw' Uw,2021-01-22 18:48:39,9,10,8,1,0,1,0,1,1
29862,23.89,F' L D2 R F B2 U B L2 D B2 U2 R2 D' R2 U2 R2 B2 R' F Fw Uw,2021-01-22 18:49:15,11,14,8,0,0,0,0,3,1
29863,23.43,U2 B' R2 F' D2 F2 U2 F2 R2 D2 L' D2 B F R2 U L U' R F' Fw Uw2,2021-01-22 18:49:53,11,13,7,0,0,0,0,2,0
29865,24.1,F L2 R2 D F2 U R2 D' F2 L2 U2 B2 L2 R B L U2 B D2 L' R2 Rw2,2021-01-22 18:51:10,11,13,7,0,0,1,0,3,0
29866,22.77,B' R2 U B L' D B L' B2 L D2 R' U2 B2 L' D2 R2 U2 F2 D Fw' Uw,2021-01-22 18:51:47,11,11,9,0,0,0,0,0,2
29867,22.26,F' D F2 D2 B2 F R2 B' D2 F D2 B2 D R D2 L' D' U F Rw' Uw,2021-01-22 18:52:20,11,11,7,1,0,0,1,1,1
29868,20.88,L2 F R2 F L2 B2 L2 U2 B2 R2 D2 R2 D R' U' L2 F U R B' Rw,2021-01-22 18:52:57,10,10,6,1,1,1,0,1,0
29871,18.04,D2 R U' L2 F2 D2 B2 D B2 L2 R2 D' F2 L' U' F R' D' F' R Rw Uw2,2021-01-22 18:54:58,10,12,8,0,0,2,0,3,1
29873,21.96,D' B2 D F2 R2 F2 D2 L2 U' R2 U2 F D' L U F' U' B' R D U2 Rw,2021-01-22 18:56:35,12,11,7,2,0,0,0,2,0
29874,23.29,F2 B2 R' F L' U' B D' L U R2 F2 B2 D2 F2 B2 R2 U R2 D' B2 Rw Uw,2021-01-22 18:57:15,10,12,8,0,0,0,0,1,1
29875,25.78,R F2 U' B2 D R U2 D R B2 L2 D2 B2 L2 F L2 B D2 R2 U2 Fw' Uw2,2021-01-22 18:57:58,11,13,5,0,2,1,0,3,0
29876,19.98,L2 F' U2 B' L2 R2 U2 F U2 B2 R U' F' U2 R2 B' R2 D2 L' D Rw2 Uw,2021-01-22 18:58:35,10,12,8,0,0,0,0,1,1
29877,21.0,R2 U R U D F U' B' L U B2 D' B2 L2 D L2 D' R2 L2 D R2 Rw' Uw,2021-01-22 18:59:07,10,11,7,0,0,0,1,0,1
29880,22.1,B' D' U2 L2 F L2 F R2 B' D2 B U2 B2 L' R' B' U' R' U F2 Fw' Uw2,2021-01-22 19:02:03,12,11,9,1,0,0,0,1,2
29882,27.74,D2 F' D2 F2 U2 B L2 B L2 D2 R U L' B' F2 L D2 F R' D2 Rw' Uw2,2021-01-22 19:03:39,12,9,7,3,1,1,0,2,1
29884,23.27,D2 R2 D L2 D R2 D2 R2 B2 U B2 U' L' F D B2 U' L' F' L2 Rw Uw',2021-01-22 19:05:25,12,14,8,1,0,0,0,4,1
29889,17.38,R U2 R L2 U' L F U2 L2 U R2 D2 B2 U' F2 B2 D2 F2 R' F2 Rw2 Uw2,2021-01-22 19:09:44,9,10,6,0,1,1,0,0,0
29890,19.39,D2 F' D2 U2 F R2 D2 F' U2 L2 F2 D' B D' R' F2 U' R' D2 F Rw Uw2,2021-01-22 19:10:18,11,11,3,0,3,1,1,1,0
29891,22.86,D R' F U B2 R' U' F2 U2 R U2 L D2 L' U2 R B2 L' F' L' U Uw2,2021-01-22 19:11:25,11,12,8,1,0,0,0,2,1
29894,19.16,R F R2 D L' U R' B' R2 L2 U' R2 U L2 U F2 R2 D F2 L2 R Uw',2021-01-22 19:14:06,10,11,7,0,0,2,1,2,1
29897,22.87,D' L F2 D2 R2 U' F2 R2 U F2 D2 F2 R' D U' F' R2 F2 L2 Fw' Uw2,2021-01-22 19:16:11,11,11,9,0,0,0,0,0,2
29902,22.06,R2 D2 B U2 F2 D2 L2 F D2 B F' U' F' L' F2 L2 U F U R2 Rw' Uw2,2021-01-22 19:19:24,10,11,7,0,0,2,0,2,0
29905,20.93,D B2 D L2 U' L2 D R2 U L2 F2 D' B' L' D' R2 U2 R B' F2 R2 Rw2 Uw',2021-01-22 19:21:23,10,12,8,0,0,0,0,1,1
29910,22.18,B D' L2 F2 R2 D2 R2 U' R2 B2 U2 B' D L' B R' D2 U R' Fw' Uw',2021-01-24 10:33:04,11,12,8,0,1,1,0,2,2
29911,21.16,F2 R' U2 R2 F2 L U2 F2 D2 R2 U2 L B R' B L D' B D2 F D2 Rw2 Uw2,2021-01-24 10:33:40,10,12,4,0,2,0,2,1,1
29912,24.6,F2 U2 B2 R2 U R2 B2 U R2 D' F2 L2 R D' L F R' B' F' D R2 Rw' Uw,2021-01-24 10:34:16,11,11,5,0,2,1,0,1,0
29913,21.42,L' F2 U' B' R2 L' U B2 U2 R F2 U2 R2 D2 L2 U2 B2 L' B U' Fw Uw',2021-01-24 10:34:55,11,13,7,0,0,0,1,2,1
29915,22.72,D' F R2 L' U D2 F2 L F' R2 D2 R F2 U2 D2 L' B2 L2 F2 U2 R Rw2 Uw2,2021-01-24 10:36:11,10,13,5,0,1,0,1,2,0
29916,20.34,R' B' R2 F2 L' D2 U2 L D2 L' B2 R2 B R B D' L' B F Fw' Uw',2021-01-24 10:37:27,10,10,6,1,1,1,0,1,0
29919,20.8,F2 D2 F U2 F2 U2 L2 F D2 B' F' D L' R' F L2 R' F R U' B Fw',2021-01-24 10:39:24,10,12,8,0,0,1,0,2,1
29921,27.57,U2 F2 R' U B2 D U' B2 D' F2 U B D' F' R F R' F' Rw2,2021-01-24 10:40:50,13,13,5,0,3,0,0,2,1
29934,21.81,B L' B2 U' L2 U B2 F2 U' F2 D' F2 B L2 F2 L F2 R F2 U' Fw',2021-01-25 17:19:45,11,13,7,0,0,0,0,2,0
29941,23.3,R2 L U F' D' B' R' F2 B2 D2 F2 R B2 U2 R2 U2 R' B L' Rw,2021-02-07 11:19:42,11,11,7,0,1,0,0,0,1
29943,16.54,R2 F L D L2 F2 B2 D F2 R2 U2 R' U2 R2 F2 L' U2 B2 R' F2 D' Uw2,2021-02-07 11:21:15,8,10,6,0,0,1,1,0,0
29944,22.73,D R' U F L F D' L B L' F2 U2 L2 F2 D2 F2 R' B2 L2 B2 D2 Fw Uw',2021-02-07 11:22:19,12,11,7,1,1,0,0,1,1
29945,20.49,U F2 U' R2 D' L2 F2 U2 R2 D' L2 B' L' U' F2 R' B2 L' B' L R Rw Uw',2021-02-07 11:23:35,9,10,6,1,0,0,2,0,1
29947,24.37,U R F2 B2 U' D2 B R' L2 F2 D2 R2 U2 B L2 F B2 D2 R2 U Rw Uw2,2021-02-07 11:25:40,12,13,7,0,1,1,1,3,2
29949,18.58,U2 B2 F' L2 B D2 L2 F' L2 R2 U2 L' U2 F L' D U2 R U' R Rw Uw,2021-02-07 11:28:20,9,12,6,0,0,0,1,1,0
29951,21.6,U B2 R2 B2 U L2 F2 U' F2 U R2 L' B D2 R' U2 F' R F D' Rw2 Uw,2021-02-07 11:31:28,10,12,6,0,1,0,0,1,0
29952,21.99,U L R D2 L' D2 U2 L B2 F2 R B' L' F' U' B' D R' B Uw2,2021-02-07 11:32:03,9,10,6,0,1,1,0,0,0
29955,22.08,D' L' F2 L2 B' U2 F L2 B' L2 B2 L2 U2 R B L2 U L2 F2 U Rw2 Uw2,2021-02-07 11:34:28,12,13,5,0,2,0,1,2,1
29956,22.13,R' L2 B' U2 L2 R2 B U2 R2 B2 F2 D2 L U B2 D2 F' R' F' L' Uw2,2021-02-07 11:35:04,10,11,7,0,0,1,0,1,0
29957,24.1,B2 L' D2 B2 F2 R U2 B2 L2 D2 R2 D R B U B F2 L' R2 F R' Uw',2021-02-07 11:35:43,11,13,7,0,0,1,0,3,0
29959,24.64,U' B2 D L2 D U F2 U' L2 F2 L B' D' L D2 F' U' R' U Fw Uw2,2021-02-07 11:38:47,10,12,8,0,0,0,0,1,1
29961,22.99,D2 R U2 L2 F2 U2 B2 F' U2 R2 B' F2 R2 F' U' F' R2 B R F D' Fw' Uw2,2021-02-07 11:40:09,10,11,7,0,0,0,0,0,0
29965,20.81,R L2 U F2 U' R2 U F2 U' R2 D L2 F2 L' U F' L2 R' U' B L2 Rw2,2021-02-07 11:43:34,10,12,8,0,0,0,0,1,1
29966,22.22,D' L2 D2 F2 L' U2 L F2 D2 R U2 L B' U' R D2 F' D2 B D' Rw',2021-02-07 11:44:28,10,10,8,0,1,1,0,0,2
29971,21.32,B2 L' U' B D2 L2 F D F' U2 R' U2 R U2 R F2 L D2 L Rw2 Uw',2021-02-07 16:43:47,10,12,8,0,0,0,0,1,1
29973,22.63,B' L2 B2 U' L2 D2 R2 F2 D' U2 L2 U2 R' B' U F L2 D' F2 L2 R2 Uw2,2021-02-07 16:45:24,10,12,6,0,1,1,0,2,0
29974,22.32,U B2 L2 D2 L2 U2 F2 R B2 F2 D2 R2 F' D U2 F' R' B2 L2 F Uw,2021-02-07 16:45:58,10,12,8,0,0,1,0,2,1
29975,25.84,D B2 U L2 D B2 D2 R2 U R2 U2 B' D' R2 F2 R D U2 B2 U2 Fw',2021-02-07 16:46:34,11,11,7,0,1,1,0,1,1
29976,17.32,B' L U' B2 R F2 B' R D' U2 R2 U2 B2 D2 F R2 D2 F R2 B R2 Fw' Uw',2021-02-07 16:47:12,8,10,6,0,0,2,1,1,0
29977,21.7,L2 F L2 D2 B' D2 B U2 B2 F' D2 F D' F' L2 U R' B' F L' F' Uw,2021-02-07 16:47:41,10,10,6,1,1,2,0,2,0
29979,23.93,L B2 D2 B2 F2 D F2 U' F2 U B2 R' B2 U' R2 D R2 D B Rw' Uw',2021-02-07 16:48:54,11,11,7,1,0,0,1,1,1
29984,25.61,B' R2 B' U2 B2 D' R' L' F L2 D2 R2 F2 R2 U B2 R2 U L2 U2 Fw Uw2,2021-02-07 16:54:48,12,9,7,2,1,0,0,0,1
29985,20.62,D' F U2 L' B' U' L2 U' F2 U2 F2 R' B2 R' U2 L' U2 L2 D2 Rw Uw2,2021-02-07 16:55:44,10,10,8,1,0,1,0,1,1
29987,22.92,R2 U2 F D2 F' U2 F' D2 R2 B' R2 L' U2 R U' B' F2 U Fw',2021-02-08 11:46:21,10,12,6,0,1,0,0,1,0
29988,21.16,L2 F2 D2 F2 R2 U R2 U2 B2 L' B F' D' U' R U2 R B' R2 Rw' Uw,2021-02-08 11:47:02,12,13,9,0,0,0,0,2,2
29989,22.11,B' R2 F2 D2 L2 F2 D2 R2 D L2 U2 B2 R2 F' D B' L' R' B' D2 U Rw2 Uw',2021-02-08 11:47:36,10,12,8,0,0,0,0,1,1
29991,20.8,L' U2 B' U2 L2 B' D2 B' U2 R2 F' D2 R2 D' R D L2 U' F R' D' Rw' Uw',2021-02-08 11:48:53,10,12,6,0,1,0,1,1,1
29993,25.11,L' U B2 U R2 D2 U' R2 F2 R2 F2 R2 U F' L U2 B L B2 D' L' Fw,2021-02-08 11:50:16,11,14,8,0,0,0,0,3,1
29996,24.69,U B2 L2 D U2 F2 L2 B2 R2 F2 D2 F R D' L F R U2 R2 D' R2 Rw2 Uw,2021-02-08 11:52:19,11,10,6,2,1,0,0,1,0
30000,24.24,R F' D R F2 U' R' U' F2 D2 L2 F2 D' F2 D' L2 U R2 F' R Fw',2021-02-08 11:59:03,11,9,5,1,2,1,0,0,0
30001,21.62,B' R' B2 R2 F2 D' F2 R2 U2 L2 U B2 U2 F' R B D2 L' U B' Uw,2021-02-08 12:01:53,9,9,7,0,0,3,0,1,0
30003,21.06,R2 U2 B2 F' R2 B2 L2 F' R2 D2 F D' R D' U L2 R F D2 R2 Uw',2021-02-08 12:03:21,10,10,8,1,0,1,0,1,1
30005,21.8,F2 D2 R' L' U R' D' L' R2 U2 B R2 F' U2 L2 D2 L2 B R2 F,2021-02-08 12:04:53,10,10,8,1,0,0,0,0,1
30006,24.92,F D2 F R2 B L2 B2 D2 L2 F2 D2 U' L2 D L R' U' R' B2 F' U' Rw Uw',2021-02-08 12:05:27,11,11,7,1,1,1,0,2,1
30010,28.03,U L U F' R2 L F' R' F U D2 F2 D' L2 F2 U R2 U2 F2 Fw Uw,2021-02-08 12:12:33,11,9,7,2,0,1,0,1,0
30012,25.5,L U2 L2 F2 U2 L D2 L' U2 L F2 R2 F' L' D' U L' R F' Fw' Uw,2021-02-10 17:32:21,12,13,7,0,1,0,0,2,1
30014,20.95,D R2 U2 R2 U B2 U B2 U' F2 L' D2 U' L' F' U' B' L2 R Fw Uw2,2021-02-10 17:33:53,10,12,8,0,0,0,0,1,1
30017,21.73,R' F2 B R' L' D' L D' F L2 U F2 U R2 B2 L2 D' R2 U D B2 Fw' Uw2,2021-02-10 17:36:09,10,12,8,0,0,0,0,1,1
30019,20.36,R2 D2 U2 B F2 U2 L2 U2 R2 F2 U' L' R2 B' D' U L2 R' B2 Uw2,2021-02-10 17:37:21,10,9,7,1,0,2,0,1,0
30022,18.62,U' L2 F' R' D2 R B' U2 L F2 D2 R' D2 F2 B2 R F2 R2 D' Fw' Uw2,2021-02-10 17:39:42,9,10,8,0,0,1,0,0,1
30024,22.63,B2 L F2 L' F2 R B2 F2 L D2 F2 R' D B' U' L' F' R2 B' D2 B Fw Uw,2021-02-10 17:44:52,11,10,8,1,1,2,0,2,2
30025,25.21,L' D B R' D R2 D R U F2 U' R2 F2 L2 U F2 U R2 D2 Rw Uw,2021-02-10 17:45:44,11,11,9,0,0,1,0,1,2
30026,26.11,D2 R B2 R' D2 U2 B2 R2 F2 R U2 D L' F' U' R U F2 D' U' Fw Uw,2021-02-10 17:48:30,12,9,5,2,2,1,0,1,0
30030,23.42,U B2 U' B2 U' L2 U' L2 U' L2 D L' U F L U' B2 D B F' L Uw2,2021-02-10 17:52:37,11,13,5,0,1,0,1,2,0
30031,19.85,F R2 U L2 F2 D B2 U2 L2 U B2 D2 B R D' B2 U' B' L' U2 F Fw' Uw2,2021-02-10 17:53:57,10,10,6,1,1,1,0,1,0
30032,21.03,U B2 U B2 D' L2 D2 U' R2 B2 L F' U' B L' B' D2 F L2 D2 Fw' Uw,2021-02-10 17:56:02,11,11,7,1,0,0,1,1,1
30033,24.86,R' F2 U2 L2 R2 B' R2 D2 L2 D2 R D' L U' L R' D' L2 F' Fw,2021-02-10 17:56:33,11,11,5,0,2,0,1,0,1
30034,20.62,D F L2 U2 R2 D F2 D F2 L2 U F2 U2 F' D L' F' R2 F2 R' B' Fw' Uw2,2021-02-10 17:57:31,7,8,4,1,1,2,2,0,0
30035,23.1,L2 U' F2 U' L2 D L2 B2 U2 B2 F2 R2 F D R' U2 F' U' F2 D' F Rw Uw2,2021-02-10 17:58:03,10,11,7,0,0,1,1,1,1
30036,21.53,D L D B2 D' R2 D' B2 D F2 R' B' L R' B' R2 F Rw Uw,2021-02-10 17:59:12,11,12,8,1,0,0,0,2,1
30037,21.13,L2 U' F B' L2 D B' F2 R U2 R2 F2 D2 R D2 R B2 U2 R B' Fw',2021-02-10 17:59:45,11,9,9,1,0,2,0,1,2
30039,25.6,U2 F2 B' L' D' L' F' R' F2 U2 D' F2 D L2 F2 U R2 D B2 L' Rw2 Uw2,2021-02-10 18:01:22,11,9,7,2,0,0,1,0,1
30040,19.54,L' B' D' L2 U L2 B2 U F2 D' R2 B2 F2 U2 R' F' L2 U L' B2 L Uw2,2021-02-10 18:02:00,9,11,7,0,0,1,0,1,0
30045,21.28,B2 R2 D L2 D2 B2 L2 R2 D' R2 F2 U' F R' D2 U' R2 D' R2 F2 D2 Rw' Uw2,2021-02-10 18:05:34,11,12,4,0,3,0,0,1,0
30047,21.38,R2 B2 L' B2 L U2 R' D2 R U2 R' U2 F L D R D F' U2 B' U2 Rw2 Uw',2021-02-10 18:07:00,11,11,7,1,0,0,0,1,0
30048,24.33,D2 R2 B2 L2 D' B2 D2 F2 D R2 L' D2 B D F' L' U L' D2 R Rw Uw2,2021-02-10 18:07:33,11,13,7,0,0,0,0,2,0
30050,23.54,U2 R2 B2 R2 B R2 D2 U2 F2 D2 L2 F L' D F U2 R F2 L F2 Rw,2021-02-10 18:08:54,11,12,8,0,1,0,0,1,2
30051,19.15,R' L U B D F2 R' F' D R2 F L2 B2 L2 D2 R2 U2 F U2 R2 F2 Fw Uw',2021-02-10 18:10:21,9,10,8,0,0,1,0,0,1
30052,22.74,L2 B D' R F2 R2 F L' U' B U B2 U F2 L2 D' L2 U R2 F2 D' Uw2,2021-02-10 18:10:51,10,12,6,0,1,0,0,1,0
30053,20.25,U B D2 R2 B D2 U2 B' U2 R2 B R2 F2 L' F D R' F' D R2 D' Rw Uw,2021-02-10 18:11:25,10,12,8,0,0,0,0,1,1
30061,23.41,U2 L' B2 D' R2 U' L2 D2 R2 F2 U' L2 D' R2 B F2 L2 F D R' U Fw' Uw,2021-02-11 12:05:41,10,12,8,0,0,0,0,1,1
30063,22.47,D2 L' U2 B2 D' B2 R2 U L2 D L2 D2 L2 F' D2 F2 R' D2 L F L' Rw2 Uw,2021-02-11 12:07:21,10,12,8,0,0,1,0,2,1
30064,22.15,L2 U2 L B2 L D2 L B2 F2 L D2 B' D' U' L B U' R' U2 Rw2 Uw',2021-02-11 12:08:28,10,12,6,1,0,0,1,2,0
30067,22.18,U' D F' U2 L D2 B L F' U L B2 U2 B2 D2 R2 L' B2 L F2 B2 Rw,2021-02-11 12:11:56,9,10,8,1,0,0,1,0,2
30068,20.47,U2 F' R2 F2 L2 U2 F2 D' L2 D2 U' R2 F2 B' R2 D2 L B L' D2 B2 Rw',2021-02-11 12:13:51,9,12,6,0,0,0,2,1,1
30069,20.01,D2 R' D2 F' R2 B L2 R2 F D2 F' U2 F2 U' F D B F2 U R Rw2 Uw',2021-02-11 12:14:23,10,12,6,0,1,0,1,1,1
30071,16.52,D B2 L2 U2 F' D2 B D2 U2 F2 L2 B' R2 L' F' R' B U B' R2 Fw Uw,2021-02-11 12:15:33,8,10,6,0,0,1,1,0,0
30072,23.78,D2 B D B2 D' L2 U' B2 D L2 U R2 F2 L D' U2 B L' U2 L2 B2 Fw Uw',2021-02-11 12:18:40,11,10,8,3,0,0,0,2,1
30076,26.37,B' U' F' D F R' L' U L2 U' L2 B2 R2 U2 B2 U2 D B2 U R' U' Rw2 Uw2,2021-02-11 12:22:46,12,11,7,1,1,0,1,1,2
30078,24.48,B' R' L' B R U B D R2 B' R2 F2 R2 D2 F' R2 B U2 B' U Uw2,2021-02-11 12:25:13,12,11,5,1,2,0,0,1,0
30079,19.73,U2 B' R2 D2 F2 D2 B' U2 F' L2 B' U F' R' U' L B' R2 B2 L' Fw' Uw2,2021-02-11 12:35:06,9,10,6,0,1,1,0,0,0
30080,19.11,B' L2 D2 F2 D2 B' R2 D2 B' D2 F' D' L U F U F' R D L F2 Rw Uw,2021-02-11 12:37:22,9,9,7,0,0,2,0,0,0
30084,25.4,U F2 L2 R2 D B2 D' R2 B2 U L' B2 U B' L R' B L2 B2 F' Rw' Uw',2021-02-11 12:44:06,11,13,7,0,0,0,0,2,0
30085,22.15,D L U2 B2 U2 R F2 U2 R D2 B2 R2 F2 U' R2 B' D2 U' L U' R2 Uw,2021-02-11 12:45:33,10,10,8,0,1,2,0,1,2
30088,20.95,F2 R U2 R2 F2 R' U' F' D2 B2 L2 B' L2 B' U2 B' L2 F2 D2 L F' Uw,2021-02-11 12:48:20,10,10,8,0,1,1,0,0,2
30089,21.1,R2 B' L2 B2 D L2 U R2 D U2 L2 D' R B D' L2 D2 U' R' U2 Fw' Uw,2021-02-11 12:49:50,11,12,6,0,2,0,0,1,1
30090,18.53,F D2 B' L' U' B' R L2 B2 U2 F' D2 R2 U2 R2 B' U2 R2 D2 R B' Rw2 Uw,2021-02-11 12:50:23,10,13,5,0,0,0,2,2,0
30093,23.51,U' B D' L2 B' R2 L B R D2 B2 D2 R' F2 R U2 D2 L D2 U Rw2,2021-02-11 12:52:46,10,11,7,0,0,0,0,0,0
30094,22.65,D' L2 F2 R2 U F2 D2 B2 U2 L2 U F2 R' F L' D R2 U' B D' L' Rw2 Uw',2021-02-11 12:53:31,11,14,8,0,0,0,0,3,1
30095,18.45,D' R' F2 L D2 R' U2 F2 D2 L U2 R D B2 L2 U B' U' B2 F' U Fw Uw,2021-02-11 12:54:09,11,12,8,1,0,0,0,2,1
30096,21.5,R F U2 L' B2 U2 R' B2 L2 F2 U2 L' F D' U2 B2 R2 B D' U Uw,2021-02-11 12:55:09,11,11,9,0,0,1,0,1,2
30100,26.04,R2 D2 B2 D' R F U F' D B2 L2 F' U2 L2 B' U2 D2 B R2 B Rw' Uw2,2021-02-12 13:29:14,12,13,5,0,2,0,1,2,1
30104,21.26,L2 D B' U2 B2 D2 L2 B' U2 L2 F R2 U L U B2 F D B Fw' Uw,2021-02-12 13:32:13,9,10,6,0,1,1,0,0,0
30110,27.22,B R2 F L2 F2 L2 D2 R2 U2 F D2 F2 D R2 F' R U' F' U2 B2 Rw' Uw2,2021-02-12 13:37:35,13,11,7,1,2,0,0,1,2
30115,20.19,R' L2 D2 F2 U' R2 D' B2 F2 L2 D2 F' R' F2 D L U B2 F L Rw' Uw,2021-02-12 13:40:47,10,12,8,0,0,0,0,1,1
30117,20.31,D' B2 D' B2 F2 L2 B2 U2 B2 U' L2 D' B F2 U' F2 R' D B2 L2 B2 Rw2 Uw',2021-02-12 13:41:55,10,11,7,0,0,1,0,1,0
30118,17.3,B2 L2 D L2 D' F2 U B2 U2 R2 B' U L F L2 D U' B2 R F' Rw2 Uw,2021-02-12 13:42:32,9,12,6,0,0,0,2,1,1
30122,22.05,R2 U B D2 L' U' B' D R L2 B2 U2 R' D2 R' F2 R' U2 B2 D2 F Rw2 Uw,2021-02-12 13:46:00,12,14,10,0,0,0,0,3,3
30123,19.84,R' F U2 B L2 D2 F D2 B D2 R2 L' D2 B' R2 U L B2 Rw Uw2,2021-02-12 13:46:32,10,12,6,0,1,0,0,1,0
30125,24.56,R2 F' D F2 D' U2 F2 L2 D L2 R2 D B' L F2 R' D L2 R2 U' Rw' Uw',2021-02-12 13:47:52,10,10,8,1,0,1,0,1,1
30126,24.5,U' F' B2 D R2 D B2 D' B2 U F2 U' L D2 F2 U F U' L Uw,2021-02-12 13:48:30,13,15,9,0,0,0,0,4,2
30128,18.14,U2 B R2 F' L2 U2 R2 D2 B2 R2 B' D F2 R' B' L F D' F' U R Rw2,2021-02-12 13:49:53,9,10,8,0,0,1,0,0,1
30131,20.33,L D L2 U2 L2 F2 R2 U' B2 U' R2 D R' D' R D2 B' D B F' Uw,2021-02-12 13:52:49,9,11,7,0,0,1,0,1,0
30132,23.96,B2 D R2 B U2 B2 R' B2 U F2 R2 B2 U2 L2 B2 U L2 B2 L U' Rw Uw2,2021-02-12 13:54:47,11,12,6,0,2,1,0,2,1
30134,21.88,F R2 U2 L2 B2 U2 B' F2 U2 F' U2 L2 R' F' L B D2 F' D' R2 B Rw Uw2,2021-02-12 14:00:10,10,11,7,0,0,1,1,1,1
30136,20.28,U B2 L2 B' D R F D' R' U' B2 U F2 B2 U B2 D' F2 R2 U' F2 Uw,2021-02-12 14:02:05,10,11,7,1,0,0,0,1,0
30139,22.29,L2 U2 F' D2 F D2 U2 F' R2 D2 B2 U R2 B' L2 U F R D2 L' B Fw' Uw,2021-02-12 20:09:44,10,10,8,1,0,0,0,0,1
30144,21.47,R2 B2 R2 U R2 U2 R2 F2 R2 D' L' B D' U F' L' R' B' L2 U Rw Uw,2021-02-12 20:16:00,11,11,9,0,0,0,0,0,2
30145,21.08,R F2 D2 B2 U2 R2 F' L2 R2 U2 B' R2 D F L' F2 U L' U2 L' B' Rw' Uw2,2021-02-12 20:17:02,11,11,7,1,0,1,2,2,2
30150,20.38,R2 D' F2 U L2 D' R2 U L2 R2 U' L' D R U R' D2 F' R2 F2 Fw,2021-02-12 20:21:04,10,12,8,0,0,1,0,2,1
30152,22.73,F' R' L2 F2 R2 U2 B2 U' F2 D' F2 D2 B2 L D' L D' R2 F' R2 Rw,2021-02-12 20:22:29,10,10,6,1,1,2,1,2,1
30154,21.57,F2 D2 B2 D2 R F2 U2 R' D2 B2 F2 L2 B' U L' R2 U' R D F2 R Rw Uw,2021-02-12 20:24:09,11,11,7,0,1,0,0,0,1
30155,19.15,D B L R U2 L' D2 F2 D2 R U2 B2 D' U' L U2 R' F Rw2,2021-02-12 20:24:44,10,9,7,1,0,1,1,0,1
30157,20.62,F L U2 R F2 L2 R F2 R2 D2 F2 D2 R F' D' L' U L2 U B R2 Fw Uw,2021-02-12 20:26:34,10,9,7,1,1,1,0,0,1
30160,21.01,B' D' F' U2 R B2 U L D F2 L' F2 L D2 F2 R' F2 D2 L2 B2 R',2021-02-12 20:29:04,11,9,7,2,0,0,1,0,1
30161,19.5,F2 R2 U' L2 D B2 D L2 U' F' U' F2 R' U' F L' B2 L2 D' Uw2,2021-02-12 20:29:43,10,11,7,0,0,0,0,0,0
30165,24.83,D R2 F2 D' L2 D R2 U F2 R2 U' B L' F L' U2 R' D' L D2 B2 Rw' Uw,2021-02-12 20:34:31,11,12,6,1,1,1,0,3,0
30167,20.14,L D2 R' B2 R U2 F2 U2 L' D2 U2 F L2 D' F' L' F D2 U R Rw',2021-02-12 20:36:20,10,12,8,0,0,1,0,2,1
30168,23.08,U' R2 D B2 D' B2 D2 U' R2 F2 B' D B2 F' L' B' U2 F2 L U' R Rw Uw2,2021-02-12 20:36:54,11,11,9,1,0,1,0,2,2
30169,19.42,U F L D2 R U D' F R2 U F2 R2 F2 D B2 U' R2 U L2 U',2021-02-12 20:37:44,10,12,8,0,0,0,1,1,2
30171,22.13,U F U2 L2 F L2 U2 F2 L2 R2 U2 D F' L' R' F2 D' L2 D' U Fw Uw',2021-02-12 20:39:18,9,12,6,0,0,0,2,1,1
30172,20.49,D' F' R U' B' D R' L' B' U2 D2 L2 U L2 B2 U L2 B2 R2 U' Rw',2021-02-12 20:40:03,10,11,7,0,0,0,0,0,0
30179,19.29,B2 L2 U2 B2 U' B2 U' F2 D' L2 R2 B F D' B' R D L' D B2 D',2021-02-12 20:47:43,9,10,6,1,0,0,1,0,0
30182,23.73,B U B' D2 B' R2 B L2 F' R' D R F' U' R' D2 L Rw Uw',2021-02-12 20:50:15,10,9,9,0,0,2,0,0,2
